{"aggregates":{"times":{"total":{"mean":30.487499997019768,"std":13.59822908963159,"min":20.872099995613098,"max":40.10289999842644,"median":30.487499997019768,"count":2},"events":{"compute::B1-generate-rs-issue-tag":{"mean":0.18390000239014626,"std":0.07976164113305556,"min":0.1275000050663948,"max":0.2402999997138977,"median":0.18390000239014626,"count":2},"compute::B2-generate-rs":{"mean":4.74380000308156,"std":0.25682118393004905,"min":4.562200002372265,"max":4.925400003790855,"median":4.74380000308156,"count":2},"broadcast/covert::B3-signed-input":{"mean":0.22829999774694443,"std":0.01329361124580598,"min":0.21889999508857727,"max":0.23770000040531158,"median":0.22829999774694443,"count":2},"receive::B3-signed-input":{"mean":3.9679999984800816,"std":4.322119491288696,"min":0.9117999970912933,"max":7.02419999986887,"median":3.9679999984800816,"count":2},"broadcast/three-phase::B4-received-messages":{"mean":0.2397499978542328,"std":0.14545186146774872,"min":0.13690000027418137,"max":0.3425999954342842,"median":0.2397499978542328,"count":2},"receive::B4-received-messages":{"mean":8.025349996984005,"std":9.380407849200111,"min":1.3923999965190887,"max":14.658299997448921,"median":8.025349996984005,"count":2},"compute::B5-compute-set-union":{"mean":0.04674999788403511,"std":0.0519723483750644,"min":0.009999997913837433,"max":0.08349999785423279,"median":0.04674999788403511,"count":2},"compute::B6-verify-all-signatures":{"mean":9.751550000160933,"std":0.1864640588648128,"min":9.619699999690056,"max":9.88340000063181,"median":9.751550000160933,"count":2},"compute::B7-check-all-links":{"mean":2.423300001770258,"std":0.1988384262711719,"min":2.282700002193451,"max":2.563900001347065,"median":2.423300001770258,"count":2},"compute::B8-output-values":{"mean":0.17314999923110008,"std":0.14064354352373945,"min":0.07369999587535858,"max":0.2726000025868416,"median":0.17314999923110008,"count":2}}},"results":{"assert::perfect":{"true":2},"assert::valid":{"true":2},"compute::values":{"n=2,hash=1c79c302cb70f7923d6cc66c634a47114b18a303e8684533b12d648f75e07ac7":2},"compute::messages":{"n=2,hash=dadbb1f4eca359a23124ac9c9cece5f8de19bb4c1f80a90302fa85bed3213a2a":2},"compute::sets":{"n=1,hash=49ebc16462c32fe57a555d3795f018a346fa9d2f3b8fed241785ec124489f7ad":2},"compute::union":{"n=2,hash=dadbb1f4eca359a23124ac9c9cece5f8de19bb4c1f80a90302fa85bed3213a2a":2},"compute::verified":{"n=2,hash=dadbb1f4eca359a23124ac9c9cece5f8de19bb4c1f80a90302fa85bed3213a2a":2},"compute::unlinked":{"n=0,hash=4f53cda18c2baa0c0354bb5f9a3ecbe5ed12ab4d8e11ba873c2f11161202b945":2}}},"reports":[{"id":"ws://localhost:15001","times":{"events":{"compute::B1-generate-rs-issue-tag":{"type":"compute","start":4979.418400004506,"end":4979.65870000422},"compute::B2-generate-rs":{"type":"compute","start":4979.670000001788,"end":4984.23220000416},"broadcast/covert::B3-signed-input":{"type":"broadcast/covert","start":4984.2534000054,"end":4984.4911000058055},"receive::B3-signed-input":{"type":"receive","start":4984.505400002003,"end":4985.417199999094},"broadcast/three-phase::B4-received-messages":{"type":"broadcast/three-phase","start":4985.544800005853,"end":4985.8874000012875},"receive::B4-received-messages":{"type":"receive","start":4985.894200004637,"end":4987.286600001156},"compute::B5-compute-set-union":{"type":"compute","start":4987.291100002825,"end":4987.3746000006795},"compute::B6-verify-all-signatures":{"type":"compute","start":4987.379900000989,"end":4997.263300001621},"compute::B7-check-all-links":{"type":"compute","start":4997.2774000018835,"end":4999.841300003231},"compute::B8-output-values":{"type":"compute","start":4999.856899999082,"end":5000.129500001669}},"start":4979.382300004363,"end":5000.254399999976},"results":{"assert::perfect":"true","assert::valid":"true","compute::values":"n=2,hash=1c79c302cb70f7923d6cc66c634a47114b18a303e8684533b12d648f75e07ac7","compute::messages":"n=2,hash=dadbb1f4eca359a23124ac9c9cece5f8de19bb4c1f80a90302fa85bed3213a2a","compute::sets":"n=1,hash=49ebc16462c32fe57a555d3795f018a346fa9d2f3b8fed241785ec124489f7ad","compute::union":"n=2,hash=dadbb1f4eca359a23124ac9c9cece5f8de19bb4c1f80a90302fa85bed3213a2a","compute::verified":"n=2,hash=dadbb1f4eca359a23124ac9c9cece5f8de19bb4c1f80a90302fa85bed3213a2a","compute::unlinked":"n=0,hash=4f53cda18c2baa0c0354bb5f9a3ecbe5ed12ab4d8e11ba873c2f11161202b945"}},{"id":"ws://localhost:15000","times":{"events":{"compute::B1-generate-rs-issue-tag":{"type":"compute","start":4973.695900000632,"end":4973.823400005698},"compute::B2-generate-rs":{"type":"compute","start":4973.838100001216,"end":4978.763500005007},"broadcast/covert::B3-signed-input":{"type":"broadcast/covert","start":4978.8247000053525,"end":4979.043600000441},"receive::B3-signed-input":{"type":"receive","start":4979.150300003588,"end":4986.174500003457},"broadcast/three-phase::B4-received-messages":{"type":"broadcast/three-phase","start":4986.525499999523,"end":4986.662399999797},"receive::B4-received-messages":{"type":"receive","start":4986.670100003481,"end":5001.32840000093},"compute::B5-compute-set-union":{"type":"compute","start":5001.336600005627,"end":5001.3466000035405},"compute::B6-verify-all-signatures":{"type":"compute","start":5001.348300002515,"end":5010.968000002205},"compute::B7-check-all-links":{"type":"compute","start":5010.974700003862,"end":5013.257400006056},"compute::B8-output-values":{"type":"compute","start":5013.261700004339,"end":5013.335400000215}},"start":4973.334400005639,"end":5013.437300004065},"results":{"assert::perfect":"true","assert::valid":"true","compute::values":"n=2,hash=1c79c302cb70f7923d6cc66c634a47114b18a303e8684533b12d648f75e07ac7","compute::messages":"n=2,hash=dadbb1f4eca359a23124ac9c9cece5f8de19bb4c1f80a90302fa85bed3213a2a","compute::sets":"n=1,hash=49ebc16462c32fe57a555d3795f018a346fa9d2f3b8fed241785ec124489f7ad","compute::union":"n=2,hash=dadbb1f4eca359a23124ac9c9cece5f8de19bb4c1f80a90302fa85bed3213a2a","compute::verified":"n=2,hash=dadbb1f4eca359a23124ac9c9cece5f8de19bb4c1f80a90302fa85bed3213a2a","compute::unlinked":"n=0,hash=4f53cda18c2baa0c0354bb5f9a3ecbe5ed12ab4d8e11ba873c2f11161202b945"}}]}