{"aggregates":{"times":{"total":{"mean":196.20157499983907,"std":67.15738474339584,"min":117.61309999972582,"max":273.5505000054836,"median":196.8213499970734,"count":4},"events":{"compute::B1-generate-rs-issue-tag":{"mean":0.12617500126361847,"std":0.09741144283133768,"min":0.04259999841451645,"max":0.2510000020265579,"median":0.10555000230669975,"count":4},"compute::B2-generate-rs":{"mean":9.154000002890825,"std":0.19774638768076494,"min":8.917400002479553,"max":9.395100004971027,"median":9.15175000205636,"count":4},"broadcast/covert::B3-signed-input":{"mean":0.23072499968111515,"std":0.06602208447258295,"min":0.13830000162124634,"max":0.2785999998450279,"median":0.25299999862909317,"count":4},"receive::B3-signed-input":{"mean":21.5601749997586,"std":11.202482234543636,"min":8.482799999415874,"max":34.56180000305176,"median":21.598049998283386,"count":4},"broadcast/three-phase::B4-received-messages":{"mean":0.2606250010430813,"std":0.09864533684257283,"min":0.20639999955892563,"max":0.408500000834465,"median":0.21380000188946724,"count":4},"receive::B4-received-messages":{"mean":101.9533250015229,"std":81.38395929099396,"min":5.82940000295639,"max":195.42370000481606,"median":103.28009999915957,"count":4},"compute::B5-compute-set-union":{"mean":0.028950000181794167,"std":0.03766505897024611,"min":0.008799999952316284,"max":0.08540000021457672,"median":0.01080000028014183,"count":4},"compute::B6-verify-all-signatures":{"mean":37.6779750008136,"std":1.744325001487656,"min":35.91730000078678,"max":40.08879999816418,"median":37.35290000215173,"count":4},"compute::B7-check-all-links":{"mean":24.45915000140667,"std":0.8402858020433313,"min":23.527300000190735,"max":25.56819999963045,"median":24.370550002902746,"count":4},"compute::B8-output-values":{"mean":0.14020000025629997,"std":0.12235511520743386,"min":0.0697999969124794,"max":0.32340000569820404,"median":0.08379999920725822,"count":4}}},"results":{"assert::perfect":{"true":4},"assert::valid":{"true":4},"compute::values":{"n=4,hash=bee68900f1ccada5ba848233f40ec8a020e1e848898a71b79c3365b631ec0dcd":4},"compute::messages":{"n=4,hash=6e62a52cc0bef4156cc9b8a6efe16c75a1038bd1d664e896e02e817a5c519f00":4},"compute::sets":{"n=1,hash=10b5ed235c433e87a24655f9b40f53580d15cc3b5f6e5bcd8c81ff197bcd53cf":4},"compute::union":{"n=4,hash=6e62a52cc0bef4156cc9b8a6efe16c75a1038bd1d664e896e02e817a5c519f00":4},"compute::verified":{"n=4,hash=6e62a52cc0bef4156cc9b8a6efe16c75a1038bd1d664e896e02e817a5c519f00":4},"compute::unlinked":{"n=0,hash=4f53cda18c2baa0c0354bb5f9a3ecbe5ed12ab4d8e11ba873c2f11161202b945":4}}},"reports":[{"id":"ws://localhost:15002","times":{"events":{"compute::B1-generate-rs-issue-tag":{"type":"compute","start":4952.5772999972105,"end":4952.733099997044},"compute::B2-generate-rs":{"type":"compute","start":4952.750199995935,"end":4962.145300000906},"broadcast/covert::B3-signed-input":{"type":"broadcast/covert","start":4962.21779999882,"end":4962.495799995959},"receive::B3-signed-input":{"type":"receive","start":4962.597099997103,"end":4997.158900000155},"broadcast/three-phase::B4-received-messages":{"type":"broadcast/three-phase","start":4997.279100000858,"end":4997.687600001693},"receive::B4-received-messages":{"type":"receive","start":4997.697099998593,"end":5003.52650000155},"compute::B5-compute-set-union":{"type":"compute","start":5003.537299998105,"end":5003.622699998319},"compute::B6-verify-all-signatures":{"type":"compute","start":5003.626800000668,"end":5043.715599998832},"compute::B7-check-all-links":{"type":"compute","start":5043.73939999938,"end":5069.307599999011},"compute::B8-output-values":{"type":"compute","start":5069.317099995911,"end":5069.640500001609}},"start":4952.190499998629,"end":5069.803599998355},"results":{"assert::perfect":"true","assert::valid":"true","compute::values":"n=4,hash=bee68900f1ccada5ba848233f40ec8a020e1e848898a71b79c3365b631ec0dcd","compute::messages":"n=4,hash=6e62a52cc0bef4156cc9b8a6efe16c75a1038bd1d664e896e02e817a5c519f00","compute::sets":"n=1,hash=10b5ed235c433e87a24655f9b40f53580d15cc3b5f6e5bcd8c81ff197bcd53cf","compute::union":"n=4,hash=6e62a52cc0bef4156cc9b8a6efe16c75a1038bd1d664e896e02e817a5c519f00","compute::verified":"n=4,hash=6e62a52cc0bef4156cc9b8a6efe16c75a1038bd1d664e896e02e817a5c519f00","compute::unlinked":"n=0,hash=4f53cda18c2baa0c0354bb5f9a3ecbe5ed12ab4d8e11ba873c2f11161202b945"}},{"id":"ws://localhost:15001","times":{"events":{"compute::B1-generate-rs-issue-tag":{"type":"compute","start":4963.048399999738,"end":4963.299400001764},"compute::B2-generate-rs":{"type":"compute","start":4963.313500002027,"end":4972.425300002098},"broadcast/covert::B3-signed-input":{"type":"broadcast/covert","start":4972.446299999952,"end":4972.724899999797},"receive::B3-signed-input":{"type":"receive","start":4972.7352000027895,"end":4998.600800000131},"broadcast/three-phase::B4-received-messages":{"type":"broadcast/three-phase","start":4998.95759999752,"end":4999.163999997079},"receive::B4-received-messages":{"type":"receive","start":4999.169299997389,"end":5071.708499997854},"compute::B5-compute-set-union":{"type":"compute","start":5071.71400000155,"end":5071.726300001144},"compute::B6-verify-all-signatures":{"type":"compute","start":5071.729099996388,"end":5109.034000001848},"compute::B7-check-all-links":{"type":"compute","start":5109.042499996722,"end":5133.367200002074},"compute::B8-output-values":{"type":"compute","start":5133.375500001013,"end":5133.463299997151}},"start":4963.021099999547,"end":5133.664499998093},"results":{"assert::perfect":"true","assert::valid":"true","compute::values":"n=4,hash=bee68900f1ccada5ba848233f40ec8a020e1e848898a71b79c3365b631ec0dcd","compute::messages":"n=4,hash=6e62a52cc0bef4156cc9b8a6efe16c75a1038bd1d664e896e02e817a5c519f00","compute::sets":"n=1,hash=10b5ed235c433e87a24655f9b40f53580d15cc3b5f6e5bcd8c81ff197bcd53cf","compute::union":"n=4,hash=6e62a52cc0bef4156cc9b8a6efe16c75a1038bd1d664e896e02e817a5c519f00","compute::verified":"n=4,hash=6e62a52cc0bef4156cc9b8a6efe16c75a1038bd1d664e896e02e817a5c519f00","compute::unlinked":"n=0,hash=4f53cda18c2baa0c0354bb5f9a3ecbe5ed12ab4d8e11ba873c2f11161202b945"}},{"id":"ws://localhost:15000","times":{"events":{"compute::B1-generate-rs-issue-tag":{"type":"compute","start":4973.173199996352,"end":4973.2285000011325},"compute::B2-generate-rs":{"type":"compute","start":4973.23900000006,"end":4982.156400002539},"broadcast/covert::B3-signed-input":{"type":"broadcast/covert","start":4982.165500000119,"end":4982.3038000017405},"receive::B3-signed-input":{"type":"receive","start":4982.315099999309,"end":4999.645599998534},"broadcast/three-phase::B4-received-messages":{"type":"broadcast/three-phase","start":4999.84849999845,"end":5000.062600001693},"receive::B4-received-messages":{"type":"receive","start":5000.068099997938,"end":5134.089099995792},"compute::B5-compute-set-union":{"type":"compute","start":5134.094099998474,"end":5134.10339999944},"compute::B6-verify-all-signatures":{"type":"compute","start":5134.104800000787,"end":5171.50569999963},"compute::B7-check-all-links":{"type":"compute","start":5171.515100002289,"end":5195.931500002742},"compute::B8-output-values":{"type":"compute","start":5195.938100002706,"end":5196.0078999996185}},"start":4973.13560000062,"end":5196.134899996221},"results":{"assert::perfect":"true","assert::valid":"true","compute::values":"n=4,hash=bee68900f1ccada5ba848233f40ec8a020e1e848898a71b79c3365b631ec0dcd","compute::messages":"n=4,hash=6e62a52cc0bef4156cc9b8a6efe16c75a1038bd1d664e896e02e817a5c519f00","compute::sets":"n=1,hash=10b5ed235c433e87a24655f9b40f53580d15cc3b5f6e5bcd8c81ff197bcd53cf","compute::union":"n=4,hash=6e62a52cc0bef4156cc9b8a6efe16c75a1038bd1d664e896e02e817a5c519f00","compute::verified":"n=4,hash=6e62a52cc0bef4156cc9b8a6efe16c75a1038bd1d664e896e02e817a5c519f00","compute::unlinked":"n=0,hash=4f53cda18c2baa0c0354bb5f9a3ecbe5ed12ab4d8e11ba873c2f11161202b945"}},{"id":"ws://localhost:15003","times":{"events":{"compute::B1-generate-rs-issue-tag":{"type":"compute",