{"aggregates":{"times":{"total":{"mean":2014.9587374990806,"std":995.7077196374552,"min":588.6552999988198,"max":3396.1563000008464,"median":2021.8947499990463,"count":8},"events":{"compute::B1-generate-rs-issue-tag":{"mean":0.10890000034123659,"std":0.09112023620085703,"min":0.06269999593496323,"max":0.32020000368356705,"median":0.06729999929666519,"count":8},"compute::B2-generate-rs":{"mean":18.305137500166893,"std":0.1765138920125289,"min":18.175999999046326,"max":18.73149999976158,"median":18.245950002223253,"count":8},"broadcast/covert::B3-signed-input":{"mean":0.2088000001385808,"std":0.055714681235423426,"min":0.1662999987602234,"max":0.32270000129938126,"median":0.18490000069141388,"count":8},"receive::B3-signed-input":{"mean":106.37290000170469,"std":45.02516599589998,"min":44.274499997496605,"max":177.37820000201464,"median":105.40570000186563,"count":8},"broadcast/three-phase::B4-received-messages":{"mean":0.4178999997675419,"std":0.10516001336931541,"min":0.3687000051140785,"max":0.6767999976873398,"median":0.38074999675154686,"count":8},"receive::B4-received-messages":{"mean":1476.376925000921,"std":1013.6721364405468,"min":36.728800006210804,"max":2914.765299998224,"median":1522.072049997747,"count":8},"compute::B5-compute-set-union":{"mean":0.02428750041872263,"std":0.030196188666065164,"min":0.010099999606609344,"max":0.09809999912977219,"median":0.011550001800060272,"count":8},"compute::B6-verify-all-signatures":{"mean":165.82375000044703,"std":34.972531561370666,"min":143.9865000024438,"max":250.62700000405312,"median":154.3927000015974,"count":8},"compute::B7-check-all-links":{"mean":246.38151249848306,"std":22.598325368775974,"min":219.31090000271797,"max":289.9472000002861,"median":240.30004999786615,"count":8},"compute::B8-output-values":{"mean":0.11139999981969595,"std":0.08524633071224115,"min":0.06909999996423721,"max":0.3197999969124794,"median":0.08135000243782997,"count":8}}},"results":{"assert::perfect":{"true":8},"assert::valid":{"true":8},"compute::values":{"n=8,hash=2b5918c888fb950f93fd3ed09f501b912e6b7bf923a7aeff0cdd5cf6161d8fb5":8},"compute::messages":{"n=8,hash=9450d5e3f572490bc848114440ae95114cfeeb6b6238a5d4ce033dafd2a9103d":8},"compute::sets":{"n=1,hash=ee5d17c39205d54bd4b1eeefb49ca80515d73f487a140057db8335378c963b3c":8},"compute::union":{"n=8,hash=9450d5e3f572490bc848114440ae95114cfeeb6b6238a5d4ce033dafd2a9103d":8},"compute::verified":{"n=8,hash=9450d5e3f572490bc848114440ae95114cfeeb6b6238a5d4ce033dafd2a9103d":8},"compute::unlinked":{"n=0,hash=4f53cda18c2baa0c0354bb5f9a3ecbe5ed12ab4d8e11ba873c2f11161202b945":8}}},"reports":[{"id":"ws://localhost:15006","times":{"events":{"compute::B1-generate-rs-issue-tag":{"type":"compute","start":4974.001600004733,"end":4974.071900002658},"compute::B2-generate-rs":{"type":"compute","start":4974.082100003958,"end":4992.333500005305},"broadcast/covert::B3-signed-input":{"type":"broadcast/covert","start":4992.354600004852,"end":4992.622500002384},"receive::B3-signed-input":{"type":"receive","start":4992.632500000298,"end":5139.622600004077},"broadcast/three-phase::B4-received-messages":{"type":"broadcast/three-phase","start":5139.913600005209,"end":5140.590400002897},"receive::B4-received-messages":{"type":"receive","start":5140.602899998426,"end":5177.331700004637},"compute::B5-compute-set-union":{"type":"compute","start":5177.341700002551,"end":5177.439800001681},"compute::B6-verify-all-signatures":{"type":"compute","start":5177.445799998939,"end":5332.694499999285},"compute::B7-check-all-links":{"type":"compute","start":5332.712000004947,"end":5562.02690000087},"compute::B8-output-values":{"type":"compute","start":5562.036700002849,"end":5562.356499999762}},"start":4973.9657000005245,"end":5562.620999999344},"results":{"assert::perfect":"true","assert::valid":"true","compute::values":"n=8,hash=2b5918c888fb950f93fd3ed09f501b912e6b7bf923a7aeff0cdd5cf6161d8fb5","compute::messages":"n=8,hash=9450d5e3f572490bc848114440ae95114cfeeb6b6238a5d4ce033dafd2a9103d","compute::sets":"n=1,hash=ee5d17c39205d54bd4b1eeefb49ca80515d73f487a140057db8335378c963b3c","compute::union":"n=8,hash=9450d5e3f572490bc848114440ae95114cfeeb6b6238a5d4ce033dafd2a9103d","compute::verified":"n=8,hash=9450d5e3f572490bc848114440ae95114cfeeb6b6238a5d4ce033dafd2a9103d","compute::unlinked":"n=0,hash=4f53cda18c2baa0c0354bb5f9a3ecbe5ed12ab4d8e11ba873c2f11161202b945"}},{"id":"ws://localhost:15002","times":{"events":{"compute::B1-generate-rs-issue-tag":{"type":"compute","start":4993.6042999997735,"end":4993.924500003457},"compute::B2-generate-rs":{"type":"compute","start":4993.938500002027,"end":5012.240500003099},"broadcast/covert::B3-signed-input":{"type":"broadcast/covert","start":5012.25569999963,"end":5012.435800001025},"receive::B3-signed-input":{"type":"receive","start":5012.445799998939,"end":5144.3391000032425},"broadcast/three-phase::B4-received-messages":{"type":"broadcast/three-phase","start":5144.96249999851,"end":5145.365299999714},"receive::B4-received-messages":{"type":"receive","start":5145.374200001359,"end":5566.287900000811},"compute::B5-compute-set-union":{"type":"compute","start":5566.296999998391,"end":5566.308600001037},"compute::B6-verify-all-signatures":{"type":"compute","start":5566.310199998319,"end":5710.296700000763},"compute::B7-check-all-links":{"type":"compute","start":5710.306900002062,"end":5952.703900001943},"compute::B8-output-values":{"type":"compute","start":5952.711300000548,"end":5952.791500002146}},"start":4993.564199998975,"end":5953.028499998152},"results":{"assert::perfect":"true","assert::valid":"true","compute::values":"n=8,hash=2b5918c888fb950f93fd3ed09f501b912e6b7bf923a7aeff0cdd5cf6161d8fb5","compute::messages":"n=8,hash=9450d5e3f572490bc848114440ae95114cfeeb6b6238a5d4ce033dafd2a9103d","compute::sets":"n=1,hash=ee5d17c39205d54bd4b1eeefb49ca80515d73f487a140057db8335378c963b3c","compute::union":"n=8,hash=9450d5e3f572490bc848114440ae95114cfeeb6b6238a5d4ce033dafd2a9103d","compute::verified":"n=8,hash=9450d5e3f572490bc848114440ae95114cfeeb6b6238a5d4ce033dafd2a9103d","compute::unlinked":"n=0,hash=4f53cda18c2baa0c0354bb5f9a3ecbe5ed12ab4d8e11ba873c2f11161202b945"}},{"id":"ws://localhost:15001","times":{"events":{"compute::B1-generate-rs-issue-tag":{"type":"compute","start":5012.957600004971,"end":5013.020300000906},"compute::B2-generate-rs":{"type":"compute","start":5013.029300004244,"end":5031.31440000236},"broadcast/covert::B3-signed-input":{"type":"broadcast/covert","start":5031.337600000203,"end":5031.503899998963},"receive::B3-signed-input":{"type":"receive","start":5031.514300003648,"end":5145.830400004983},"broadcast/three-phase::B4-received-messages":{"type":"broadcast/three-phase","start":5146.183800004423,"end":5146.553199999034},"receive::B4-received-messages":{"type":"receive","start":5146.560300000012,"end":5953.5266000032425},"compute::B5-compute-set-union":{"type":"compute","start":5953.53180000186,"end":5953.543300002813},"compute::B6-verify-all-signatures":{"type":"compute","start":5953.544799998403,"end":6204.171800002456},"compute::B7-check-all-links":{"type":"compute","start":6204.18370000273,"end":6469.774300001562},"compute::B8-output-values":{"type":"compute","start":6469.782899998128,"end":6469.855800002813}},"start":5012.926600001752,"end":6470.155799999833},"results":{"assert::perfect":"true","assert::valid":"true","compute::values":"n=8,hash=2b5918c888fb950f93fd3ed09f501b912e6b7bf923a7aeff0cdd5cf6161d8fb5","compute::messages":"n=8,hash=9450d5e3f572490bc848114440ae95114cfeeb6b6238a5d4ce033dafd2a9103d","compute::sets":"n=1,hash=ee5d17c39205d54bd4b1eeefb49ca80515d73f487a140057db8335378c963b3c","compute::union":"n=8,hash=9450d5e3f572490bc848114440ae95114cfeeb6b6238a5d4ce033dafd2a9103d","compute::verified":"n=8,hash=9450d5e3f572490bc848114440ae95114cfeeb6b6238a5d4ce033dafd2a9103d","compute::unlinked":"n=0,hash=4f53cda18c2baa0c0354bb5f9a3ecbe5ed12ab4d8e11ba873c2f11161202b945"}},{"id":"ws://localhost:15005",