{"aggregates":{"times":{"total":{"mean":40.77352324999811,"std":2.637312058094302,"min":38.48456599999918,"max":43.96421199996257,"median":40.32265750001534,"count":4},"events":{"compute::construct":{"mean":12.429244999992079,"std":0.427000888572231,"min":11.829097999958321,"max":12.740659000002779,"median":12.573611500003608,"count":4},"compute::sign":{"mean":7.320550999997067,"std":0.18582380438036328,"min":7.083299999998417,"max":7.530902000027709,"median":7.334000999981072,"count":4},"broadcast/covert::chat":{"mean":0.265824000001885,"std":0.007775240579191177,"min":0.2598180000204593,"max":0.27724600001238286,"median":0.2631159999873489,"count":4},"receive::chat":{"mean":10.857432000018889,"std":2.4872413593923484,"min":8.157407000020612,"max":13.738321000011638,"median":10.767000000021653,"count":4},"compute::verify":{"mean":9.318294749988127,"std":0.07635711667466323,"min":9.218875999969896,"max":9.380775000026915,"median":9.336763999977848,"count":4}}},"results":{}},"reports":[{"id":"ws://172.31.30.89:3000","times":{"events":{"compute::construct":{"type":"compute","start":5134.694367000018,"end":5146.523464999977},"compute::sign":{"type":"compute","start":5146.535219000012,"end":5153.618519000011},"broadcast/covert::chat":{"type":"broadcast/covert","start":5153.695233999984,"end":5153.972479999997},"receive::chat":{"type":"receive","start":5154.123296000005,"end":5163.675163000007},"compute::verify":{"type":"compute","start":5163.832071000012,"end":5173.2077009999775}},"start":5134.477417999995,"end":5173.212646000029},"results":{}},{"id":"ws://172.31.28.137:3000","times":{"events":{"compute::construct":{"type":"compute","start":5129.048742000014,"end":5141.777516000031},"compute::sign":{"type":"compute","start":5141.789302000019,"end":5149.1600050000125},"broadcast/covert::chat":{"type":"broadcast/covert","start":5149.233271000034,"end":5149.496102000005},"receive::chat":{"type":"receive","start":5149.634752000042,"end":5163.373073000053},"compute::verify":{"type":"compute","start":5163.484594000038,"end":5172.782492000028}},"start":5128.82375900005,"end":5172.7879710000125},"results":{}},{"id":"ws://172.31.31.104:3000","times":{"events":{"compute::construct":{"type":"compute","start":5134.725636999996,"end":5147.466295999999},"compute::sign":{"type":"compute","start":5147.479380999983,"end":5155.0102830000105},"broadcast/covert::chat":{"type":"broadcast/covert","start":5155.083073999966,"end":5155.346474999969},"receive::chat":{"type":"receive","start":5155.4921519999625,"end":5163.649558999983},"compute::verify":{"type":"compute","start":5163.774884000013,"end":5172.993759999983}},"start":5134.514291999978,"end":5172.998857999977},"results":{}},{"id":"ws://172.31.22.206:3000","times":{"events":{"compute::construct":{"type":"compute","start":5132.351159999962,"end":5144.769608999952},"compute::sign":{"type":"compute","start":5144.782069000008,"end":5152.079367999977},"broadcast/covert::chat":{"type":"broadcast/covert","start":5152.151780999964,"end":5152.411598999985},"receive::chat":{"type":"receive","start":5152.559229999955,"end":5164.541362999997},"compute::verify":{"type":"compute","start":5164.663317999977,"end":5174.044093000004}},"start":5132.139854999958,"end":5174.049941999954},"results":{}}]}