{"aggregates":{"times":{"total":{"mean":27.697174000029918,"std":1.2983329030670543,"min":26.779114000033587,"max":28.61523400002625,"median":27.697174000029918,"count":2},"events":{"compute::construct":{"mean":4.2024640000017826,"std":0.014721963126233466,"min":4.192054000042845,"max":4.2128739999607205,"median":4.2024640000017826,"count":2},"compute::sign":{"mean":12.50948849998531,"std":0.7497375419078648,"min":11.979343999992125,"max":13.039632999978494,"median":12.50948849998531,"count":2},"broadcast/covert::chat":{"mean":1.4438049999880604,"std":0.046059521475581955,"min":1.411236000014469,"max":1.4763739999616519,"median":1.4438049999880604,"count":2},"receive::chat":{"mean":3.0769995000155177,"std":1.8317169831446751,"min":1.7817800000193529,"max":4.3722190000116825,"median":3.0769995000155177,"count":2},"compute::verify":{"mean":5.962909499998204,"std":0.14572975786585818,"min":5.8598629999905825,"max":6.065956000005826,"median":5.962909499998204,"count":2}}},"results":{}},"reports":[{"id":"ws://172.31.31.136:3000","times":{"events":{"compute::construct":{"type":"compute","start":5132.24933599995,"end":5136.441389999993},"compute::sign":{"type":"compute","start":5136.4541099999915,"end":5149.49374299997},"broadcast/covert::chat":{"type":"broadcast/covert","start":5149.562607999949,"end":5150.973843999964},"receive::chat":{"type":"receive","start":5151.1093999999575,"end":5152.891179999977},"compute::verify":{"type":"compute","start":5152.961379999993,"end":5158.821242999984}},"start":5132.047075999959,"end":5158.8261899999925},"results":{}},{"id":"ws://172.31.28.137:3000","times":{"events":{"compute::construct":{"type":"compute","start":5129.842745000031,"end":5134.055618999992},"compute::sign":{"type":"compute","start":5134.068491000042,"end":5146.047835000034},"broadcast/covert::chat":{"type":"broadcast/covert","start":5146.125623000029,"end":5147.601996999991},"receive::chat":{"type":"receive","start":5147.744828000024,"end":5152.117047000036},"compute::verify":{"type":"compute","start":5152.172882999992,"end":5158.238838999998}},"start":5129.628935999994,"end":5158.24417000002},"results":{}}]}