{"aggregates":{"times":{"total":{"mean":288.6471869375023,"std":6.442134359727659,"min":273.4443730000057,"max":307.0995230000117,"median":288.9147880000164,"count":32},"events":{"compute::construct":{"mean":49.878772218747145,"std":2.092420610455196,"min":46.635688999987906,"max":55.92000499999267,"median":49.21558350000123,"count":32},"compute::sign":{"mean":7.874841187499442,"std":0.3444186001255259,"min":7.249544999998761,"max":8.702568000007886,"median":7.888778500004264,"count":32},"broadcast/covert::chat":{"mean":0.279064687502796,"std":0.02113553764575393,"min":0.23132500000065193,"max":0.3291209999588318,"median":0.27786850000120467,"count":32},"receive::chat":{"mean":173.1644541562514,"std":6.981376593889717,"min":156.03092499999912,"max":189.76854900000035,"median":174.2273750000022,"count":32},"compute::verify":{"mean":56.63105821874751,"std":1.6971048780361808,"min":52.26758499999414,"max":59.34709999995539,"median":57.125660500001686,"count":32}}},"results":{}},"reports":[{"id":"ws://172.31.18.72:3000","times":{"events":{"compute::construct":{"type":"compute","start":5177.833663000012,"end":5229.231893000004},"compute::sign":{"type":"compute","start":5229.252272000012,"end":5236.613024000006},"broadcast/covert::chat":{"type":"broadcast/covert","start":5236.732017000002,"end":5236.987660000013},"receive::chat":{"type":"receive","start":5237.1433959999995,"end":5398.550174000004},"compute::verify":{"type":"compute","start":5398.627650000009,"end":5450.895235000004}},"start":5177.456887000008,"end":5450.901260000013},"results":{}},{"id":"ws://172.31.19.90:3000","times":{"events":{"compute::construct":{"type":"compute","start":5169.607822000005,"end":5216.243510999993},"compute::sign":{"type":"compute","start":5216.262805999999,"end":5223.914239999998},"broadcast/covert::chat":{"type":"broadcast/covert","start":5223.989715000003,"end":5224.2518839999975},"receive::chat":{"type":"receive","start":5224.397276000003,"end":5398.738058000003},"compute::verify":{"type":"compute","start":5398.805131999994,"end":5451.355477000005}},"start":5169.400844000003,"end":5451.361594000002},"results":{}},{"id":"ws://172.31.30.84:3000","times":{"events":{"compute::construct":{"type":"compute","start":5171.097053000005,"end":5227.017057999998},"compute::sign":{"type":"compute","start":5227.042503999997,"end":5235.511929},"broadcast/covert::chat":{"type":"broadcast/covert","start":5235.597536999994,"end":5235.892619000006},"receive::chat":{"type":"receive","start":5236.045989000006,"end":5400.612223000004},"compute::verify":{"type":"compute","start":5400.6641050000035,"end":5456.186424999993}},"start":5170.719941000003,"end":5456.192637},"results":{}},{"id":"ws://172.31.22.60:3000","times":{"events":{"compute::construct":{"type":"compute","start":5163.877842999995,"end":5211.52038799999},"compute::sign":{"type":"compute","start":5211.541099999988,"end":5218.99595099999},"broadcast/covert::chat":{"type":"broadcast/covert","start":5219.066464999996,"end":5219.346135},"receive::chat":{"type":"receive","start":5219.490734999999,"end":5393.544326999996},"compute::verify":{"type":"compute","start":5393.624247,"end":5448.652931999997}},"start":5163.601131999996,"end":5448.660558999996},"results":{}},{"id":"ws://172.31.22.206:3000","times":{"events":{"compute::construct":{"type":"compute","start":5173.295564000029,"end":5221.658652000013},"compute::sign":{"type":"compute","start":5221.679273999995,"end":5229.659488999983},"broadcast/covert::chat":{"type":"broadcast/covert","start":5229.736378000001,"end":5229.998110000044},"receive::chat":{"type":"receive","start":5230.145324000041,"end":5398.408607000019},"compute::verify":{"type":"compute","start":5398.516384000075,"end":5454.410207999987}},"start":5173.032153000007,"end":5454.416653000051},"results":{}},{"id":"ws://172.31.22.0:3000","times":{"events":{"compute::construct":{"type":"compute","start":5168.2275329999975,"end":5217.427322999996},"compute::sign":{"type":"compute","start":5217.447297000006,"end":5224.9746580000065},"broadcast/covert::chat":{"type":"broadcast/covert","start":5225.050843999998,"end":5225.282168999998},"receive::chat":{"type":"receive","start":5225.436576000007,"end":5399.993776000003},"compute::verify":{"type":"compute","start":5400.0614179999975,"end":5455.350455000007}},"start":5167.936329000004,"end":5455.357338999995},"results":{}},{"id":"ws://172.31.23.75:3000","times":{"events":{"compute::construct":{"type":"compute","start":5170.856025000001,"end":5219.572518999994},"compute::sign":{"type":"compute","start":5219.5924220000015,"end":5227.0828489999985},"broadcast/covert::chat":{"type":"broadcast/covert","start":5227.160499999998,"end":5227.4032210000005},"receive::chat":{"type":"receive","start":5227.569694999998,"end":5398.438896000007},"compute::verify":{"type":"compute","start":5398.564452000006,"end":5453.786064}},"start":5170.658905999997,"end":5453.793512999997},"results":{}},{"id":"ws://172.31.20.25:3000","times":{"events":{"compute::construct":{"type":"compute","start":5166.383191999994,"end":5215.4240160000045},"compute::sign":{"type":"compute","start":5215.446108000004,"end":5223.293493999998},"broadcast/covert::chat":{"type":"broadcast/covert","start":5223.367803000001,"end":5223.634384999998},"receive::chat":{"type":"receive","start":5223.772723000002,"end":5397.886691000007},"compute::verify":{"type":"compute","start":5397.944054000007,"end":5453.973899000004}},"start":5166.060819999999,"end":5453.981197999994},"results":{}},{"id":"ws://172.31.31.104:3000","times":{"events":{"compute::construct":{"type":"compute","start":5165.408195000025,"end":5216.545328999986},"compute::sign":{"type":"compute","start":5216.579922000004,"end":5224.374557000003},"broadcast/covert::chat":{"type":"broadcast/covert","start":5224.453381999978,"end":5224.716879000014},"receive::chat":{"type":"receive","start":5224.883367999981,"end":5398.109771999996},"compute::verify":{"type":"compute","start":5398.283452000003,"end":5455.572966000007}},"start":5165.054569999978,"end":5455.579643999983},"results":{}},{"id":"ws://172.31.26.40:3000","times":{"events":{"compute::construct":{"type":"compute","start":5167.934637000013,"end":5219.448583000005},"compute::sign":{"type":"compute","start":5219.471335000009,"end":5227.417024000009},"broadcast/covert::chat":{"type":"broadcast/covert","start":5227.49293600001,"end":5227.773215000008},"receive::chat":{"type":"receive","start":5227.936602000002,"end":5397.164809000009},"compute::verify":{"type":"compute","start":5397.267690000008,"end":5454.912285000013}},"start":5167.591342,"end":5454.91960400001},"results":{}},{"id":"ws://172.31.29.182:3000","times":{"events":{"compute::construct":{"type":"compute","start":5166.887366999988,"end":5215.615654000023},"compute::sign":{"type":"compute","start":5215.638172000006,"end":5223.500251999998},"broadcast/covert::chat":{"type":"broadcast/covert","start":5223.5767689999775,"end":5223.859154000005},"receive::chat":{"type":"receive","start":5224.003841999976,"end":5399.183317999996},"compute::verify":{"type":"compute","start":5399.282837999985,"end":5456.593587999989}},"start":5166.656175000011,"end":5456.6088650000165},"results":{}},{"id":"ws://172.31.23.94:3000","times":{"events":{"compute::construct":{"type":"compute","start":5177.580933999998,"end":5233.203515000001},"compute::sign":{"type":"compute","start":5233.227367999993,"end":5241.929936},"broadcast/covert::chat":{"type":"broadcast/covert","start":5242.033408999996,"end":5242.333751999991},"receive::chat":{"type":"receive","start":5242.501063999996,"end":5398.5319889999955},"compute::verify":{"type":"compute","start":5398.658732999989,"end":5455.088716999991}},"start":5177.246004999994,"end":5455.094726999989},"results":{}},{"id":"ws://172.31.21.158:3000","times":{"events":{"compute::construct":{"type":"compute","start":6869.665777999995,"end":6919.092009999993},"compute::sign":{"type":"compute","start":6919.112435999996,"end":6927.160343999989},