{"aggregates":{"times":{"total":{"mean":67.99805287500931,"std":2.9924056077526857,"min":65.78854699997464,"max":75.0011190000223,"median":67.22832850003033,"count":8},"events":{"compute::construct":{"mean":17.160346375021618,"std":0.29208772836604574,"min":16.87946100003319,"max":17.63326800003415,"median":17.067445500026224,"count":8},"compute::sign":{"mean":7.233614999990095,"std":0.32143825885198274,"min":6.6951070000068285,"max":7.78296500002034,"median":7.236418499960564,"count":8},"broadcast/covert::chat":{"mean":0.2571496250020573,"std":0.012315665136310477,"min":0.23497299995506182,"max":0.27369599998928607,"median":0.2606930000183638,"count":8},"receive::chat":{"mean":16.30175675000646,"std":3.020682623414779,"min":14.003643000032753,"max":22.92474400001811,"median":15.01933049998479,"count":8},"compute::verify":{"mean":26.417765749989485,"std":0.7680351920064316,"min":25.58899099996779,"max":27.760539999988396,"median":26.15633299999172,"count":8}}},"results":{}},"reports":[{"id":"ws://172.31.31.136:3000","times":{"events":{"compute::construct":{"type":"compute","start":5139.796586999961,"end":5156.756063999957},"compute::sign":{"type":"compute","start":5156.770739,"end":5163.817340000009},"broadcast/covert::chat":{"type":"broadcast/covert","start":5163.88685000001,"end":5164.121822999965},"receive::chat":{"type":"receive","start":5164.28250099998,"end":5182.584567999991},"compute::verify":{"type":"compute","start":5182.7564980000025,"end":5208.34548899997}},"start":5139.586328000005,"end":5208.350956999988},"results":{}},{"id":"ws://172.31.22.206:3000","times":{"events":{"compute::construct":{"type":"compute","start":5141.930851999961,"end":5158.8103129999945},"compute::sign":{"type":"compute","start":5158.824970000016,"end":5166.0493159999605},"broadcast/covert::chat":{"type":"broadcast/covert","start":5166.121218999964,"end":5166.383308999997},"receive::chat":{"type":"receive","start":5166.526868999994,"end":5181.460894999967},"compute::verify":{"type":"compute","start":5181.603147999966,"end":5207.494964000012}},"start":5141.712086000014,"end":5207.500632999989},"results":{}},{"id":"ws://172.31.28.137:3000","times":{"events":{"compute::construct":{"type":"compute","start":5142.81624700001,"end":5159.805074000033},"compute::sign":{"type":"compute","start":5159.819139000028,"end":5166.8732590000145},"broadcast/covert::chat":{"type":"broadcast/covert","start":5166.946305999998,"end":5167.2099840000155},"receive::chat":{"type":"receive","start":5167.349204000027,"end":5182.453839000023},"compute::verify":{"type":"compute","start":5182.619065000035,"end":5208.419579999987}},"start":5142.610915000027,"end":5208.425547000021},"results":{}},{"id":"ws://172.31.28.28:3000","times":{"events":{"compute::construct":{"type":"compute","start":5141.833970000036,"end":5159.367842000036},"compute::sign":{"type":"compute","start":5159.398333000019,"end":5167.1812980000395},"broadcast/covert::chat":{"type":"broadcast/covert","start":5167.2782490000245,"end":5167.531613000028},"receive::chat":{"type":"receive","start":5167.684134000039,"end":5181.949392000039},"compute::verify":{"type":"compute","start":5182.096709000005,"end":5208.130769999989}},"start":5141.5678590000025,"end":5208.136139000009},"results":{}},{"id":"ws://172.31.30.44:3000","times":{"events":{"compute::construct":{"type":"compute","start":5132.840252999973,"end":5150.473521000007},"compute::sign":{"type":"compute","start":5150.48780100001,"end":5157.736291999987},"broadcast/covert::chat":{"type":"broadcast/covert","start":5157.811473999987,"end":5158.076558000001},"receive::chat":{"type":"receive","start":5158.255333999987,"end":5181.180078000005},"compute::verify":{"type":"compute","start":5181.268562000012,"end":5207.5471670000115}},"start":5132.552110999997,"end":5207.5532300000195},"results":{}},{"id":"ws://172.31.31.104:3000","times":{"events":{"compute::construct":{"type":"compute","start":5141.052150000003,"end":5158.309010000026},"compute::sign":{"type":"compute","start":5158.323831000016,"end":5165.695661000034},"broadcast/covert::chat":{"type":"broadcast/covert","start":5165.792814999993,"end":5166.066510999983},"receive::chat":{"type":"receive","start":5166.217388999998,"end":5180.711654999992},"compute::verify":{"type":"compute","start":5180.848032000009,"end":5208.116959000006}},"start":5140.837877999991,"end":5208.122639000008},"results":{}},{"id":"ws://172.31.24.153:3000","times":{"events":{"compute::construct":{"type":"compute","start":5143.270458000014,"end":5160.416522000043},"compute::sign":{"type":"compute","start":5160.431908000028,"end":5167.877367999987},"broadcast/covert::chat":{"type":"broadcast/covert","start":5167.9527649999945,"end":5168.212060999998},"receive::chat":{"type":"receive","start":5168.350295000011,"end":5182.353938000044},"compute::verify":{"type":"compute","start":5182.466713000031,"end":5210.227253000019}},"start":5143.0614129999885,"end":5210.233309000032},"results":{}},{"id":"ws://172.31.30.89:3000","times":{"events":{"compute::construct":{"type":"compute","start":5139.149412999977,"end":5156.034355000011},"compute::sign":{"type":"compute","start":5156.048766999971,"end":5162.743873999978},"broadcast/covert::chat":{"type":"broadcast/covert","start":5162.813469999994,"end":5163.058485999994},"receive::chat":{"type":"receive","start":5163.212773999956,"end":5179.598188999982},"compute::verify":{"type":"compute","start":5179.810985999997,"end":5206.529656999977}},"start":5138.944689999975,"end":5206.535249000008},"results":{}}]}