{"aggregates":{"times":{"total":{"mean":124.1698932499985,"std":3.256474639439615,"min":119.98065899999347,"max":133.55417899999884,"median":124.04571649999707,"count":16},"events":{"compute::construct":{"mean":28.525376000001415,"std":2.006469966836418,"min":25.649258999997983,"max":32.86718099999416,"median":28.459098999999696,"count":16},"compute::sign":{"mean":7.3667402500022945,"std":0.37206924232241584,"min":6.780437999987043,"max":8.141577999995206,"median":7.2907485000250745,"count":16},"broadcast/covert::chat":{"mean":0.2745627499998591,"std":0.030220113754199335,"min":0.23113000000012107,"max":0.3322820000030333,"median":0.2679999999963911,"count":16},"receive::chat":{"mean":49.41881843750161,"std":3.5521943734916306,"min":41.24501000001328,"max":57.85660500000813,"median":49.8617804999958,"count":16},"compute::verify":{"mean":37.88726150000093,"std":1.5692839423082716,"min":34.78638099999807,"max":39.824854999998934,"median":38.260756999996374,"count":16}}},"results":{}},"reports":[{"id":"ws://172.31.18.72:3000","times":{"events":{"compute::construct":{"type":"compute","start":5173.94522400001,"end":5200.459510000001},"compute::sign":{"type":"compute","start":5200.476562000011,"end":5207.256999999998},"broadcast/covert::chat":{"type":"broadcast/covert","start":5207.324938999998,"end":5207.556068999998},"receive::chat":{"type":"receive","start":5207.693922999999,"end":5260.654739000005},"compute::verify":{"type":"compute","start":5260.766830000008,"end":5295.851049000004}},"start":5173.724027000004,"end":5295.85684800001},"results":{}},{"id":"ws://172.31.23.94:3000","times":{"events":{"compute::construct":{"type":"compute","start":5178.262329999998,"end":5203.911588999996},"compute::sign":{"type":"compute","start":5203.928234999999,"end":5210.847339},"broadcast/covert::chat":{"type":"broadcast/covert","start":5210.947644999993,"end":5211.1903109999985},"receive::chat":{"type":"receive","start":5211.332420999999,"end":5263.0471499999985},"compute::verify":{"type":"compute","start":5263.214267999996,"end":5298.000648999994}},"start":5178.025739999997,"end":5298.006398999991},"results":{}},{"id":"ws://172.31.27.50:3000","times":{"events":{"compute::construct":{"type":"compute","start":5176.066435000001,"end":5202.412117},"compute::sign":{"type":"compute","start":5202.428176999994,"end":5209.369309999995},"broadcast/covert::chat":{"type":"broadcast/covert","start":5209.438917000007,"end":5209.685721999995},"receive::chat":{"type":"receive","start":5209.834705999994,"end":5260.4482299999945},"compute::verify":{"type":"compute","start":5260.6260769999935,"end":5296.476429000002}},"start":5175.769279,"end":5296.482854000002},"results":{}},{"id":"ws://172.31.22.206:3000","times":{"events":{"compute::construct":{"type":"compute","start":5179.580470999994,"end":5206.998320000013},"compute::sign":{"type":"compute","start":5207.014352999977,"end":5214.29880400002},"broadcast/covert::chat":{"type":"broadcast/covert","start":5214.374150999996,"end":5214.637812000001},"receive::chat":{"type":"receive","start":5214.777237000002,"end":5263.38046700001},"compute::verify":{"type":"compute","start":5263.522824999993,"end":5300.61931899999}},"start":5179.355432000011,"end":5300.625300000014},"results":{}},{"id":"ws://172.31.22.0:3000","times":{"events":{"compute::construct":{"type":"compute","start":5177.940375999999,"end":5205.078868000011},"compute::sign":{"type":"compute","start":5205.096157000007,"end":5212.351649000004},"broadcast/covert::chat":{"type":"broadcast/covert","start":5212.429747000002,"end":5212.681708000004},"receive::chat":{"type":"receive","start":5212.850479000001,"end":5263.439440000002},"compute::verify":{"type":"compute","start":5263.569637000008,"end":5300.772035000002}},"start":5177.657371000008,"end":5300.7776830000075},"results":{}},{"id":"ws://172.31.23.175:3000","times":{"events":{"compute::construct":{"type":"compute","start":6361.483049000002,"end":6391.485030000011},"compute::sign":{"type":"compute","start":6391.502396000011,"end":6398.740764000002},"broadcast/covert::chat":{"type":"broadcast/covert","start":6398.813984000008,"end":6399.081571000002},"receive::chat":{"type":"receive","start":6399.2351130000025,"end":6457.091718000011},"compute::verify":{"type":"compute","start":6457.208255999998,"end":6494.828952000011}},"start":6361.281342000002,"end":6494.835521000001},"results":{}},{"id":"ws://172.31.26.101:3000","times":{"events":{"compute::construct":{"type":"compute","start":5952.720248999991,"end":5981.12264999999},"compute::sign":{"type":"compute","start":5981.139075999992,"end":5988.439243999994},"broadcast/covert::chat":{"type":"broadcast/covert","start":5988.514599999995,"end":5988.783012999993},"receive::chat":{"type":"receive","start":5988.941242999994,"end":6038.79802799999},"compute::verify":{"type":"compute","start":6038.986095999993,"end":6077.274996999986}},"start":5952.444579999996,"end":6077.282645999992},"results":{}},{"id":"ws://172.31.19.6:3000","times":{"events":{"compute::construct":{"type":"compute","start":5869.7385520000025,"end":5898.324367999994},"compute::sign":{"type":"compute","start":5898.342230999995,"end":5905.639277000002},"broadcast/covert::chat":{"type":"broadcast/covert","start":5905.7145850000015,"end":5906.016060999995},"receive::chat":{"type":"receive","start":5906.182204000004,"end":5956.397653},"compute::verify":{"type":"compute","start":5956.560445000003,"end":5994.793058000003}},"start":5869.416974,"end":5994.799812000005},"results":{}},{"id":"ws://172.31.22.249:3000","times":{"events":{"compute::construct":{"type":"compute","start":5175.877187999999,"end":5205.349899000008},"compute::sign":{"type":"compute","start":5205.3693029999995,"end":5212.8883290000085},"broadcast/covert::chat":{"type":"broadcast/covert","start":5212.969840999998,"end":5213.243872000006},"receive::chat":{"type":"receive","start":5213.436545000004,"end":5259.8104440000025},"compute::verify":{"type":"compute","start":5259.954773999998,"end":5297.475606000007}},"start":5175.61174800001,"end":5297.481853999998},"results":{}},{"id":"ws://172.31.21.245:3000","times":{"events":{"compute::construct":{"type":"compute","start":6082.101275000008,"end":6110.617072000008},"compute::sign":{"type":"compute","start":6110.633904000002,"end":6118.094779000006},"broadcast/covert::chat":{"type":"broadcast/covert","start":6118.1693559999985,"end":6118.4237240000075},"receive::chat":{"type":"receive","start":6118.615566000008,"end":6169.4453610000055},"compute::verify":{"type":"compute","start":6169.567765,"end":6208.02322100001}},"start":6081.792058999999,"end":6208.029816000009},"results":{}},{"id":"ws://172.31.30.253:3000","times":{"events":{"compute::construct":{"type":"compute","start":6498.600560999999,"end":6531.467741999993},"compute::sign":{"type":"compute","start":6531.488100999995,"end":6539.598201999994},"broadcast/covert::chat":{"type":"broadcast/covert","start":6539.6859479999985,"end":6540.0182300000015},"receive::chat":{"type":"receive","start":6540.2509849999915,"end":6581.495995000005},"compute::verify":{"type":"compute","start":6581.641287999999,"end":6620.408974000005}},"start":6498.263103000005,"end":6620.416633999994},"results":{}},{"id":"ws://172.31.31.233:3000","times":{"events":{"compute::construct":{"type":"compute","start":7076.880831000002,"end":7104.483533999999},"compute::sign":{"type":"compute","start":7104.5001029999985,"end":7111.768060999995},"broadcast/covert::chat":{"type":"broadcast/covert","start":7111.852551000004,"end":7112.125641000006},"receive::chat":{"type":"receive","start":7112.261771000005,"end":7162.128547},"compute::verify":{"type":"compute","start":7162.2715800000005,"end":7201.366798999996}},"start":7076.649734000006,"end":7201.373437000002},"results":{}},{"id":"ws://172.31.28.181:3000","times":{"events":{"compute::construct":{"type":"compute","start":6013.082485999999,"end":6041.818249999997},"compute::sign":{"type":"compute","start":6041.835114000001,"end":6049.459617},