{"aggregates":{"times":{"total":{"mean":19.381071000010706,"std":1.0570171576446286,"min":18.63364700000966,"max":20.128495000011753,"median":19.381071000010706,"count":2},"events":{"compute::construct":{"mean":0.14852250000694767,"std":0.019014808443546655,"min":0.1350770000135526,"max":0.16196800000034273,"median":0.14852250000694767,"count":2},"compute::sign":{"mean":5.593082000006689,"std":0.014494274819957107,"min":5.582832999993116,"max":5.603331000020262,"median":5.593082000006689,"count":2},"broadcast/covert::chat":{"mean":0.3010830000275746,"std":0.023245428343049906,"min":0.28464600001461804,"max":0.31752000004053116,"median":0.3010830000275746,"count":2},"receive::chat":{"mean":1.8268699999898672,"std":0.8111377450446343,"min":1.2533089999924414,"max":2.400430999987293,"median":1.8268699999898672,"count":2},"compute::verify":{"mean":11.001115999970352,"std":0.26634591124742296,"min":10.81278099998599,"max":11.189450999954715,"median":11.001115999970352,"count":2}}},"results":{}},"reports":[{"id":"ws://172.31.31.104:3000","times":{"events":{"compute::construct":{"type":"compute","start":5135.634069000022,"end":5135.796037000022},"compute::sign":{"type":"compute","start":5135.809943999979,"end":5141.413274999999},"broadcast/covert::chat":{"type":"broadcast/covert","start":5141.486505999987,"end":5141.804026000027},"receive::chat":{"type":"receive","start":5141.935031000001,"end":5143.188339999993},"compute::verify":{"type":"compute","start":5143.248304000008,"end":5154.061084999994}},"start":5135.432437999989,"end":5154.066084999999},"results":{}},{"id":"ws://172.31.28.137:3000","times":{"events":{"compute::construct":{"type":"compute","start":5134.808750000026,"end":5134.943827000039},"compute::sign":{"type":"compute","start":5134.95721100003,"end":5140.540044000023},"broadcast/covert::chat":{"type":"broadcast/covert","start":5140.61153200001,"end":5140.8961780000245},"receive::chat":{"type":"receive","start":5141.033959000022,"end":5143.434390000009},"compute::verify":{"type":"compute","start":5143.540491000051,"end":5154.729942000005}},"start":5134.606212000013,"end":5154.734707000025},"results":{}}]}