{"aggregates":{"times":{"total":{"mean":760.3889150000005,"std":61.962072706490815,"min":719.029355000006,"max":960.0725099999981,"median":744.0650620000015,"count":16},"events":{"compute::construct":{"mean":0.23118149999936577,"std":0.018986739134311113,"min":0.2065079999738373,"max":0.2731540000095265,"median":0.22691400000621798,"count":16},"compute::sign":{"mean":40.54528837500038,"std":0.6298455952255181,"min":39.70928200002527,"max":41.94229500001529,"median":40.42776800000138,"count":16},"broadcast/covert::chat":{"mean":0.31421743749797315,"std":0.05355818005521813,"min":0.2435890000051586,"max":0.42641200000070967,"median":0.30334500000753906,"count":16},"receive::chat":{"mean":43.43940887500321,"std":1.3594241807715315,"min":41.182202000010875,"max":46.0904589999991,"median":43.559403499995824,"count":16},"compute::verify":{"mean":675.2048912500013,"std":61.83199323647736,"min":634.0425769999856,"max":875.0087330000097,"median":657.3193860000029,"count":16}}},"results":{}},"reports":[{"id":"ws://172.31.31.104:3000","times":{"events":{"compute::construct":{"type":"compute","start":5153.9962550000055,"end":5154.202762999979},"compute::sign":{"type":"compute","start":5154.218579999986,"end":5194.386883999978},"broadcast/covert::chat":{"type":"broadcast/covert","start":5194.490038999997,"end":5194.762838999974},"receive::chat":{"type":"receive","start":5194.903840999992,"end":5238.636051999987},"compute::verify":{"type":"compute","start":5238.778973000008,"end":5872.821549999993}},"start":5153.8111320000025,"end":5872.840487000009},"results":{}},{"id":"ws://172.31.30.124:3000","times":{"events":{"compute::construct":{"type":"compute","start":6009.702608000007,"end":6009.958419000002},"compute::sign":{"type":"compute","start":6009.975495000006,"end":6049.713999},"broadcast/covert::chat":{"type":"broadcast/covert","start":6049.8186209999985,"end":6050.1723099999945},"receive::chat":{"type":"receive","start":6050.320057000004,"end":6094.3797690000065},"compute::verify":{"type":"compute","start":6094.567089999997,"end":6731.370643000002}},"start":6009.511350000001,"end":6731.3825919999945},"results":{}},{"id":"ws://172.31.20.125:3000","times":{"events":{"compute::construct":{"type":"compute","start":5154.229618999991,"end":5154.484331999964},"compute::sign":{"type":"compute","start":5154.501074999978,"end":5194.210357000004},"broadcast/covert::chat":{"type":"broadcast/covert","start":5194.311549999984,"end":5194.615055000002},"receive::chat":{"type":"receive","start":5194.842456999992,"end":5238.229052999988},"compute::verify":{"type":"compute","start":5238.436656999984,"end":5880.87865899998}},"start":5154.007393000007,"end":5880.890832000005},"results":{}},{"id":"ws://172.31.18.111:3000","times":{"events":{"compute::construct":{"type":"compute","start":6995.145920999996,"end":6995.372426000009},"compute::sign":{"type":"compute","start":6995.387858000009,"end":7035.526140000009},"broadcast/covert::chat":{"type":"broadcast/covert","start":7035.630410999998,"end":7036.006050999997},"receive::chat":{"type":"receive","start":7036.147155000006,"end":7079.212908000009},"compute::verify":{"type":"compute","start":7079.453079999999,"end":7725.256723000006}},"start":6994.891584999998,"end":7725.269571999997},"results":{}},{"id":"ws://172.31.27.149:3000","times":{"events":{"compute::construct":{"type":"compute","start":6550.946228000001,"end":6551.158750000002},"compute::sign":{"type":"compute","start":6551.173746,"end":6591.270098000008},"broadcast/covert::chat":{"type":"broadcast/covert","start":6591.353543000005,"end":6591.649520000006},"receive::chat":{"type":"receive","start":6591.774992999999,"end":6634.399407000004},"compute::verify":{"type":"compute","start":6634.589430000007,"end":7280.488737000007}},"start":6550.719329,"end":7280.502585000009},"results":{}},{"id":"ws://172.31.31.142:3000","times":{"events":{"compute::construct":{"type":"compute","start":6941.838369999998,"end":6942.047677999988},"compute::sign":{"type":"compute","start":6942.062962999989,"end":6982.512575999994},"broadcast/covert::chat":{"type":"broadcast/covert","start":6982.616621999987,"end":6982.992639999997},"receive::chat":{"type":"receive","start":6983.137848999992,"end":7025.387234999987},"compute::verify":{"type":"compute","start":7025.570650999987,"end":7672.591580999986}},"start":6941.620002999989,"end":7672.602543999994},"results":{}},{"id":"ws://172.31.21.170:3000","times":{"events":{"compute::construct":{"type":"compute","start":5895.187153999999,"end":5895.398638999992},"compute::sign":{"type":"compute","start":5895.415355000005,"end":5935.821278000003},"broadcast/covert::chat":{"type":"broadcast/covert","start":5935.904729999995,"end":5936.181435999999},"receive::chat":{"type":"receive","start":5936.344838999998,"end":5981.521154000002},"compute::verify":{"type":"compute","start":5981.630590999994,"end":6637.813712000003}},"start":5894.937248000002,"end":6637.825553000002},"results":{}},{"id":"ws://172.31.30.89:3000","times":{"events":{"compute::construct":{"type":"compute","start":5154.860635999998,"end":5155.08449800004},"compute::sign":{"type":"compute","start":5155.1008880000445,"end":5196.273673999996},"broadcast/covert::chat":{"type":"broadcast/covert","start":5196.359961000038,"end":5196.628975},"receive::chat":{"type":"receive","start":5196.802662000002,"end":5238.659351000038},"compute::verify":{"type":"compute","start":5238.763924000028,"end":5895.919173000031}},"start":5154.637237000046,"end":5895.931299999997},"results":{}},{"id":"ws://172.31.21.227:3000","times":{"events":{"compute::construct":{"type":"compute","start":6401.101526000006,"end":6401.328849000005},"compute::sign":{"type":"compute","start":6401.344247000008,"end":6441.822838},"broadcast/covert::chat":{"type":"broadcast/covert","start":6441.907202000009,"end":6442.210387000006},"receive::chat":{"type":"receive","start":6442.340939000009,"end":6488.431398000008},"compute::verify":{"type":"compute","start":6488.6063490000015,"end":7146.089872000004}},"start":6400.870262999997,"end":7146.112082},"results":{}},{"id":"ws://172.31.28.57:3000","times":{"events":{"compute::construct":{"type":"compute","start":6692.613501,"end":6692.854991999993},"compute::sign":{"type":"compute","start":6692.871126999991,"end":6733.603602000003},"broadcast/covert::chat":{"type":"broadcast/covert","start":6733.706634000002,"end":6734.057119999998},"receive::chat":{"type":"receive","start":6734.193683999998,"end":6777.207586999997},"compute::verify":{"type":"compute","start":6777.393524999992,"end":7439.016982999994}},"start":6692.408853999994,"end":7439.028827999995},"results":{}},{"id":"ws://172.31.28.137:3000","times":{"events":{"compute::construct":{"type":"compute","start":5152.889544000034,"end":5153.104243000038},"compute::sign":{"type":"compute","start":5153.120013000036,"end":5195.062308000051},"broadcast/covert::chat":{"type":"broadcast/covert","start":5195.168820000021,"end":5195.516163000022},"receive::chat":{"type":"receive","start":5195.664264000021,"end":5237.109901000047},"compute::verify":{"type":"compute","start":5237.273404000036,"end":5899.822368000052}},"start":5152.651743000024,"end":5899.834874000051},"results":{}},{"id":"ws://172.31.17.244:3000","times":{"events":{"compute::construct":{"type":"compute","start":6540.684458999996,"end":6540.921470999994},"compute::sign":{"type":"compute","start":6540.937277999998,"end":6581.880483000001},"broadcast/covert::chat":{"type":"broadcast/covert","start":6581.975126999998,"end":6582.305357999998},"receive::chat":{"type":"receive","start":6582.437968999991,"end":6626.486884999991},"compute::verify":{"type":"compute","start":6626.65963899999,"end":7294.927148999996}},"start":6540.446303999997,"end":7294.937928999992},"results":{}},{"id":"ws://172.31.22.249:3000","times":{"events":{"compute::construct":{"type":"compute","start":5140.111981000009,"end":5140.350319000005},"compute::sign":{"type":"compute","start":5140.366212000008,"end":5181.389793000009},