{"aggregates":{"times":{"total":{"mean":2777.6538878437486,"std":83.81068286711158,"min":2607.218366999994,"max":2965.524915000002,"median":2779.981624,"count":32},"events":{"compute::construct":{"mean":0.29116121874767487,"std":0.0401679824093536,"min":0.23441199999069795,"max":0.42566600001009647,"median":0.2819614999971236,"count":32},"compute::sign":{"mean":79.44435256250154,"std":2.544897845648014,"min":73.81806100001268,"max":85.3326390000002,"median":79.44777449999674,"count":32},"broadcast/covert::chat":{"mean":0.28426834374613463,"std":0.03411998985015987,"min":0.23460999999952037,"max":0.3668259999976726,"median":0.2771385000014561,"count":32},"receive::chat":{"mean":163.57306187499626,"std":2.714155454734238,"min":159.93498900000122,"max":170.4127290000033,"median":162.85234300000593,"count":32},"compute::verify":{"mean":2533.408022781248,"std":82.6987115085893,"min":2364.585831999997,"max":2714.968160000004,"median":2532.7710979999974,"count":32}}},"results":{}},"reports":[{"id":"ws://172.31.26.213:3000","times":{"events":{"compute::construct":{"type":"compute","start":5163.569021999996,"end":5163.848125999997},"compute::sign":{"type":"compute","start":5163.867847999994,"end":5238.7703089999995},"broadcast/covert::chat":{"type":"broadcast/covert","start":5238.853333999999,"end":5239.122650000005},"receive::chat":{"type":"receive","start":5239.263751000006,"end":5405.796209000007},"compute::verify":{"type":"compute","start":5405.9074519999995,"end":7770.4932839999965}},"start":5163.284033000004,"end":7770.502399999998},"results":{}},{"id":"ws://172.31.22.0:3000","times":{"events":{"compute::construct":{"type":"compute","start":5162.034505999996,"end":5162.341603000008},"compute::sign":{"type":"compute","start":5162.359532999995,"end":5236.177594000008},"broadcast/covert::chat":{"type":"broadcast/covert","start":5236.252420000004,"end":5236.551703000005},"receive::chat":{"type":"receive","start":5236.728262999997,"end":5407.140992000001},"compute::verify":{"type":"compute","start":5407.2444350000005,"end":7788.041228999995}},"start":5161.812854000003,"end":7788.049813000005},"results":{}},{"id":"ws://172.31.22.249:3000","times":{"events":{"compute::construct":{"type":"compute","start":5167.173687000002,"end":5167.453116999997},"compute::sign":{"type":"compute","start":5167.469607999999,"end":5243.193981999997},"broadcast/covert::chat":{"type":"broadcast/covert","start":5243.263768999997,"end":5243.498378999997},"receive::chat":{"type":"receive","start":5243.647215999998,"end":5410.134128999998},"compute::verify":{"type":"compute","start":5410.249712000004,"end":7819.822853000005}},"start":5166.960506000003,"end":7819.834644999995},"results":{}},{"id":"ws://172.31.31.233:3000","times":{"events":{"compute::construct":{"type":"compute","start":5163.889652000013,"end":5164.197662000006},"compute::sign":{"type":"compute","start":5164.213779000012,"end":5239.531792000009},"broadcast/covert::chat":{"type":"broadcast/covert","start":5239.607440000007,"end":5239.86963500001},"receive::chat":{"type":"receive","start":5240.003808000009,"end":5408.395468000002},"compute::verify":{"type":"compute","start":5408.518434000012,"end":7827.446231000009}},"start":5163.6505180000095,"end":7827.45495900001},"results":{}},{"id":"ws://172.31.18.72:3000","times":{"events":{"compute::construct":{"type":"compute","start":5165.408926999997,"end":5165.696356},"compute::sign":{"type":"compute","start":5165.800930999991,"end":5241.176978000003},"broadcast/covert::chat":{"type":"broadcast/covert","start":5241.253874000002,"end":5241.510903000002},"receive::chat":{"type":"receive","start":5241.672517999992,"end":5409.197816},"compute::verify":{"type":"compute","start":5409.2956269999995,"end":7837.963520999998}},"start":5165.16191699999,"end":7837.97329899999},"results":{}},{"id":"ws://172.31.30.248:3000","times":{"events":{"compute::construct":{"type":"compute","start":5166.372294000001,"end":5166.609093000006},"compute::sign":{"type":"compute","start":5166.624355000007,"end":5247.759391},"broadcast/covert::chat":{"type":"broadcast/covert","start":5247.845878000007,"end":5248.088292999993},"receive::chat":{"type":"receive","start":5248.238712000006,"end":5409.587639000005},"compute::verify":{"type":"compute","start":5409.720126,"end":7848.3675280000025}},"start":5166.094330000007,"end":7848.377882999994},"results":{}},{"id":"ws://172.31.23.94:3000","times":{"events":{"compute::construct":{"type":"compute","start":5168.006456999996,"end":5168.369031000009},"compute::sign":{"type":"compute","start":5168.391591000007,"end":5245.371509999997},"broadcast/covert::chat":{"type":"broadcast/covert","start":5245.449479000003,"end":5245.743998999998},"receive::chat":{"type":"receive","start":5245.893251000001,"end":5409.4366699999955},"compute::verify":{"type":"compute","start":5409.5901430000085,"end":7868.348018999997}},"start":5167.710170999999,"end":7868.3597350000055},"results":{}},{"id":"ws://172.31.24.122:3000","times":{"events":{"compute::construct":{"type":"compute","start":5165.015090999994,"end":5165.296485999992},"compute::sign":{"type":"compute","start":5165.317582000003,"end":5244.346088000006},"broadcast/covert::chat":{"type":"broadcast/covert","start":5244.428698999996,"end":5244.736111999999},"receive::chat":{"type":"receive","start":5244.878786999994,"end":5404.875323},"compute::verify":{"type":"compute","start":5405.009273999996,"end":7870.633289000005}},"start":5164.752376999997,"end":7870.643244999999},"results":{}},{"id":"ws://172.31.21.155:3000","times":{"events":{"compute::construct":{"type":"compute","start":5166.312721000009,"end":5166.572742000004},"compute::sign":{"type":"compute","start":5166.590328999999,"end":5244.346388000005},"broadcast/covert::chat":{"type":"broadcast/covert","start":5244.418789000003,"end":5244.6823120000045},"receive::chat":{"type":"receive","start":5244.860539000001,"end":5409.849874000007},"compute::verify":{"type":"compute","start":5409.979256999999,"end":7882.921218000003}},"start":5166.061537000001,"end":7882.931289},"results":{}},{"id":"ws://172.31.17.162:3000","times":{"events":{"compute::construct":{"type":"compute","start":5165.143977,"end":5165.406684000001},"compute::sign":{"type":"compute","start":5165.425684000002,"end":5243.2976999999955},"broadcast/covert::chat":{"type":"broadcast/covert","start":5243.377097999997,"end":5243.665768999999},"receive::chat":{"type":"receive","start":5243.824234,"end":5406.585093999995},"compute::verify":{"type":"compute","start":5406.721082000004,"end":7911.166226000001}},"start":5164.923232000001,"end":7911.176701999997},"results":{}},{"id":"ws://172.31.16.192:3000","times":{"events":{"compute::construct":{"type":"compute","start":5164.991521000004,"end":5165.304726000002},"compute::sign":{"type":"compute","start":5165.320682000005,"end":5244.608898000006},"broadcast/covert::chat":{"type":"broadcast/covert","start":5244.6855700000015,"end":5244.9563710000075},"receive::chat":{"type":"receive","start":5245.101991000003,"end":5407.8454730000085},"compute::verify":{"type":"compute","start":5407.959561000011,"end":7913.504339000006}},"start":5164.744751000006,"end":7913.516184000007},"results":{}},{"id":"ws://172.31.18.50:3000","times":{"events":{"compute::construct":{"type":"compute","start":5165.362774999987,"end":5165.639421},"compute::sign":{"type":"compute","start":5165.658780999991,"end":5246.587833999991},"broadcast/covert::chat":{"type":"broadcast/covert","start":5246.666078999988,"end":5246.929216999997},"receive::chat":{"type":"receive","start":5247.0962119999895,"end":5408.189908999993},"compute::verify":{"type":"compute","start":5408.307691999988,"end":7923.318610999995}},"start":5165.107576999988,"end":7923.3285259999975},"results":{}},{"id":"ws://172.31.18.193:3000","times":{"events":{"compute::construct":{"type":"compute","start":5161.967860000004,"end":5162.278547000009},"compute::sign":{"type":"compute","start":5162.294364000001,"end":5241.1921},