{"aggregates":{"times":{"total":{"mean":209.91283325000404,"std":20.206698878968197,"min":194.3710350000183,"max":258.3739779999596,"median":204.6892194999964,"count":8},"events":{"compute::construct":{"mean":0.20436175000213552,"std":0.024588771880260558,"min":0.16965900000650436,"max":0.2368700000224635,"median":0.21271699998760596,"count":8},"compute::sign":{"mean":20.6071291249973,"std":1.1681626780327954,"min":18.790009000047576,"max":22.85402799997246,"median":20.618134999996983,"count":8},"broadcast/covert::chat":{"mean":0.33041137499094475,"std":0.03228775643764247,"min":0.2826419999473728,"max":0.36834000004455447,"median":0.331871999980649,"count":8},"receive::chat":{"mean":19.095786625010078,"std":1.3585223986164041,"min":16.365533000032883,"max":20.880277000018395,"median":19.070225000032224,"count":8},"compute::verify":{"mean":169.08688874999643,"std":20.306281065136062,"min":154.32191699999385,"max":218.00671700004023,"median":163.68053049998707,"count":8}}},"results":{}},"reports":[{"id":"ws://172.31.31.136:3000","times":{"events":{"compute::construct":{"type":"compute","start":5132.431066000019,"end":5132.622914000007},"compute::sign":{"type":"compute","start":5132.63732899999,"end":5151.427338000038},"broadcast/covert::chat":{"type":"broadcast/covert","start":5151.496161000046,"end":5151.778802999994},"receive::chat":{"type":"receive","start":5151.925351999991,"end":5172.154333000013},"compute::verify":{"type":"compute","start":5172.220103,"end":5326.5420199999935}},"start":5132.177373000013,"end":5326.5484080000315},"results":{}},{"id":"ws://172.31.28.137:3000","times":{"events":{"compute::construct":{"type":"compute","start":5130.936731999973,"end":5131.155876000004},"compute::sign":{"type":"compute","start":5131.171139999991,"end":5150.819868999999},"broadcast/covert::chat":{"type":"broadcast/covert","start":5150.897299000004,"end":5151.19797400001},"receive::chat":{"type":"receive","start":5151.348618999997,"end":5171.210207999975},"compute::verify":{"type":"compute","start":5171.289140000008,"end":5328.175181999977}},"start":5130.713601999974,"end":5328.1830009999685},"results":{}},{"id":"ws://172.31.29.182:3000","times":{"events":{"compute::construct":{"type":"compute","start":5127.467472000048,"end":5127.68908900005},"compute::sign":{"type":"compute","start":5127.706062000012,"end":5148.175466999994},"broadcast/covert::chat":{"type":"broadcast/covert","start":5148.2596000000485,"end":5148.586473000003},"receive::chat":{"type":"receive","start":5148.735260999994,"end":5169.615538000013},"compute::verify":{"type":"compute","start":5169.734274000046,"end":5332.132238000049}},"start":5127.254272999999,"end":5332.140475000022},"results":{}},{"id":"ws://172.31.22.206:3000","times":{"events":{"compute::construct":{"type":"compute","start":5131.544172999973,"end":5131.7569579999545},"compute::sign":{"type":"compute","start":5131.773573999992,"end":5152.540439000004},"broadcast/covert::chat":{"type":"broadcast/covert","start":5152.621331000002,"end":5152.958202000009},"receive::chat":{"type":"receive","start":5153.0979649999645,"end":5172.15088500001},"compute::verify":{"type":"compute","start":5172.269996999996,"end":5335.311863999988}},"start":5131.299991999986,"end":5335.32175100001},"results":{}},{"id":"ws://172.31.30.89:3000","times":{"events":{"compute::construct":{"type":"compute","start":5132.590828999993,"end":5132.760488},"compute::sign":{"type":"compute","start":5132.774796999991,"end":5153.239234999986},"broadcast/covert::chat":{"type":"broadcast/covert","start":5153.311148000008,"end":5153.616382999986},"receive::chat":{"type":"receive","start":5153.76222199999,"end":5172.384580999962},"compute::verify":{"type":"compute","start":5172.537656,"end":5336.856849999982}},"start":5132.386988000013,"end":5336.879224999982},"results":{}},{"id":"ws://172.31.30.44:3000","times":{"events":{"compute::construct":{"type":"compute","start":5129.622992999968,"end":5129.859862999991},"compute::sign":{"type":"compute","start":5129.876633999986,"end":5150.746860999963},"broadcast/covert::chat":{"type":"broadcast/covert","start":5150.827034999966,"end":5151.19537500001},"receive::chat":{"type":"receive","start":5151.345058000006,"end":5170.012161999999},"compute::verify":{"type":"compute","start":5170.117869000009,"end":5334.481174999964}},"start":5129.417436999967,"end":5334.487378999998},"results":{}},{"id":"ws://172.31.24.153:3000","times":{"events":{"compute::construct":{"type":"compute","start":5131.221107000019,"end":5131.433756000013},"compute::sign":{"type":"compute","start":5131.449619000021,"end":5152.4429510000045},"broadcast/covert::chat":{"type":"broadcast/covert","start":5152.53134300001,"end":5152.885850000021},"receive::chat":{"type":"receive","start":5153.020820000034,"end":5172.108350000053},"compute::verify":{"type":"compute","start":5172.213637000008,"end":5341.571740000043}},"start":5130.9636140000075,"end":5341.581728000019},"results":{}},{"id":"ws://172.31.31.104:3000","times":{"events":{"compute::construct":{"type":"compute","start":5131.200363999989,"end":5131.37068599998},"compute::sign":{"type":"compute","start":5131.386409000028,"end":5154.240437},"broadcast/covert::chat":{"type":"broadcast/covert","start":5154.316093000001,"end":5154.684240999981},"receive::chat":{"type":"receive","start":5154.820746999991,"end":5171.1862800000235},"compute::verify":{"type":"compute","start":5171.315594999993,"end":5389.322312000033}},"start":5130.957785000035,"end":5389.331762999995},"results":{}}]}