{"aggregates":{"times":{"total":{"mean":70.97975150001002,"std":1.2046260446939971,"min":69.3008409999893,"max":71.9049080000259,"median":71.35662850001245,"count":4},"events":{"compute::construct":{"mean":0.17684649999137037,"std":0.009645591612927667,"min":0.16405600000871345,"max":0.18695699999807402,"median":0.178186499979347,"count":4},"compute::sign":{"mean":10.56023400000413,"std":0.20265264589590248,"min":10.36164600000484,"max":10.769526999967638,"median":10.55488150002202,"count":4},"broadcast/covert::chat":{"mean":0.3012587499979418,"std":0.022557269304090067,"min":0.27337599999736995,"max":0.3284400000120513,"median":0.3016094999911729,"count":4},"receive::chat":{"mean":17.405693749999045,"std":1.229782043276989,"min":15.622542999975849,"max":18.290557000029366,"median":17.854837499995483,"count":4},"compute::verify":{"mean":41.907634999995935,"std":0.32782605037081614,"min":41.43173399998341,"max":42.12599199998658,"median":42.036407000006875,"count":4}}},"results":{}},"reports":[{"id":"ws://172.31.24.153:3000","times":{"events":{"compute::construct":{"type":"compute","start":5126.45768599998,"end":5126.633669999952},"compute::sign":{"type":"compute","start":5126.648550999991,"end":5137.418077999959},"broadcast/covert::chat":{"type":"broadcast/covert","start":5137.490662999975,"end":5137.790038999985},"receive::chat":{"type":"receive","start":5137.919846999983,"end":5153.542389999959},"compute::verify":{"type":"compute","start":5153.619481999951,"end":5195.569044999953}},"start":5126.275193999987,"end":5195.576034999976},"results":{}},{"id":"ws://172.31.31.136:3000","times":{"events":{"compute::construct":{"type":"compute","start":5125.793765000009,"end":5125.9807220000075},"compute::sign":{"type":"compute","start":5125.996394999966,"end":5136.6925320000155},"broadcast/covert::chat":{"type":"broadcast/covert","start":5136.767106999992,"end":5137.095547000004},"receive::chat":{"type":"receive","start":5137.231509000005,"end":5154.793923999998},"compute::verify":{"type":"compute","start":5155.067221999983,"end":5196.498955999967}},"start":5125.593655999983,"end":5196.506074999983},"results":{}},{"id":"ws://172.31.30.89:3000","times":{"events":{"compute::construct":{"type":"compute","start":5120.3244720000075,"end":5120.488528000016},"compute::sign":{"type":"compute","start":5120.502517000015,"end":5130.86416300002},"broadcast/covert::chat":{"type":"broadcast/covert","start":5130.942890000006,"end":5131.216266000003},"receive::chat":{"type":"receive","start":5131.347187999985,"end":5149.637745000015},"compute::verify":{"type":"compute","start":5149.921634000028,"end":5192.047626000014}},"start":5120.148999999976,"end":5192.053908000002},"results":{}},{"id":"ws://172.31.31.104:3000","times":{"events":{"compute::construct":{"type":"compute","start":5126.176462000003,"end":5126.35685099999},"compute::sign":{"type":"compute","start":5126.37090400001,"end":5136.784530000004},"broadcast/covert::chat":{"type":"broadcast/covert","start":5136.863988000026,"end":5137.167830999999},"receive::chat":{"type":"receive","start":5137.351225999999,"end":5155.498485999997},"compute::verify":{"type":"compute","start":5155.666312000016,"end":5197.789563000028}},"start":5125.996232000005,"end":5197.79707000003},"results":{}}]}