{"aggregates":{"times":{"total":{"mean":941.8499125000089,"std":428.26034339177164,"min":317.3180000036955,"max":1528.0990999937057,"median":902.9667500033975,"count":8},"events":{"compute::B1-generate-rs-issue-tag":{"mean":0.11016250029206276,"std":0.09769260626194734,"min":0.061100006103515625,"max":0.3440999984741211,"median":0.06790000200271606,"count":8},"compute::B2-generate-rs":{"mean":18.9848374966532,"std":1.163411077522852,"min":17.687199994921684,"max":21.22010000050068,"median":18.552249997854233,"count":8},"broadcast/covert::B3-signed-input":{"mean":0.2322000004351139,"std":0.08794823095626315,"min":0.17309999465942383,"max":0.4381999969482422,"median":0.1952499970793724,"count":8},"receive::B3-signed-input":{"mean":108.94558749906719,"std":49.493898165203795,"min":41.96619999408722,"max":180.79789999127388,"median":101.50090000033379,"count":8},"broadcast/three-phase::B4-received-messages":{"mean":0.4150625001639128,"std":0.09469540104804106,"min":0.36640000343322754,"max":0.6410999894142151,"median":0.37709999829530716,"count":8},"receive::B4-received-messages":{"mean":645.9878624975681,"std":415.0044419457699,"min":40.079499989748,"max":1212.920100003481,"median":674.9562999978662,"count":8},"compute::B5-compute-set-union":{"mean":0.021375000476837158,"std":0.030198758442638567,"min":0.008700013160705566,"max":0.09600000083446503,"median":0.010899998247623444,"count":8},"compute::B6-verify-all-signatures":{"mean":166.23787499777973,"std":27.33590539840443,"min":147.6710000038147,"max":227.7275000065565,"median":156.40744999796152,"count":8},"compute::B7-check-all-links":{"mean":0.04371249862015247,"std":0.07021327620586333,"min":0.016399994492530823,"max":0.21739999949932098,"median":0.018849998712539673,"count":8},"compute::B8-output-values":{"mean":0.0971749983727932,"std":0.05855385278150314,"min":0.07050000131130219,"max":0.24120000004768372,"median":0.07454998791217804,"count":8}}},"results":{"assert::perfect":{"true":8},"assert::valid":{"true":8},"compute::values":{"n=8,hash=6312bd4055f9fa664fd3c68e0e08f0a75039f1824ebd7b1a4d94774879d5d82e":8},"compute::messages":{"n=8,hash=ffa4e001ced3adc8eefe8d81f3a0282ce70e9f80869f18be369330c46a84d903":8},"compute::sets":{"n=1,hash=e0af8ef6c8311f6c83e9b542eed8def6249cee8f52bd6be91291561b3a154fde":8},"compute::union":{"n=8,hash=ffa4e001ced3adc8eefe8d81f3a0282ce70e9f80869f18be369330c46a84d903":8},"compute::verified":{"n=8,hash=ffa4e001ced3adc8eefe8d81f3a0282ce70e9f80869f18be369330c46a84d903":8},"compute::unlinked":{"n=0,hash=4f53cda18c2baa0c0354bb5f9a3ecbe5ed12ab4d8e11ba873c2f11161202b945":8}}},"reports":[{"id":"ws://localhost:15006","times":{"events":{"compute::B1-generate-rs-issue-tag":{"type":"compute","start":5025.242299988866,"end":5025.303399994969},"compute::B2-generate-rs":{"type":"compute","start":5025.312199994922,"end":5043.900600001216},"broadcast/covert::B3-signed-input":{"type":"broadcast/covert","start":5043.923699989915,"end":5044.168799996376},"receive::B3-signed-input":{"type":"receive","start":5044.187699988484,"end":5150.739099994302},"broadcast/three-phase::B4-received-messages":{"type":"broadcast/three-phase","start":5150.883799999952,"end":5151.5248999893665},"receive::B4-received-messages":{"type":"receive","start":5151.53599999845,"end":5191.615499988198},"compute::B5-compute-set-union":{"type":"compute","start":5191.625099986792,"end":5191.721099987626},"compute::B6-verify-all-signatures":{"type":"compute","start":5191.725799992681,"end":5341.782099992037},"compute::B7-check-all-links":{"type":"compute","start":5341.800299987197,"end":5342.017699986696},"compute::B8-output-values":{"type":"compute","start":5342.023399993777,"end":5342.264599993825}},"start":5025.2107999920845,"end":5342.52879999578},"results":{"assert::perfect":"true","assert::valid":"true","compute::values":"n=8,hash=6312bd4055f9fa664fd3c68e0e08f0a75039f1824ebd7b1a4d94774879d5d82e","compute::messages":"n=8,hash=ffa4e001ced3adc8eefe8d81f3a0282ce70e9f80869f18be369330c46a84d903","compute::sets":"n=1,hash=e0af8ef6c8311f6c83e9b542eed8def6249cee8f52bd6be91291561b3a154fde","compute::union":"n=8,hash=ffa4e001ced3adc8eefe8d81f3a0282ce70e9f80869f18be369330c46a84d903","compute::verified":"n=8,hash=ffa4e001ced3adc8eefe8d81f3a0282ce70e9f80869f18be369330c46a84d903","compute::unlinked":"n=0,hash=4f53cda18c2baa0c0354bb5f9a3ecbe5ed12ab4d8e11ba873c2f11161202b945"}},{"id":"ws://localhost:15004","times":{"events":{"compute::B1-generate-rs-issue-tag":{"type":"compute","start":5045.024399995804,"end":5045.368499994278},"compute::B2-generate-rs":{"type":"compute","start":5045.3779999911785,"end":5063.66669999063},"broadcast/covert::B3-signed-input":{"type":"broadcast/covert","start":5063.682699993253,"end":5063.855799987912},"receive::B3-signed-input":{"type":"receive","start":5063.864899992943,"end":5160.315299987793},"broadcast/three-phase::B4-received-messages":{"type":"broadcast/three-phase","start":5160.935499995947,"end":5161.378199994564},"receive::B4-received-messages":{"type":"receive","start":5161.388699993491,"end":5347.433499991894},"compute::B5-compute-set-union":{"type":"compute","start":5347.441100001335,"end":5347.45340000093},"compute::B6-verify-all-signatures":{"type":"compute","start":5347.457199990749,"end":5575.184699997306},"compute::B7-check-all-links":{"type":"compute","start":5575.193799987435,"end":5575.213999986649},"compute::B8-output-values":{"type":"compute","start":5575.215599998832,"end":5575.30529999733}},"start":5044.992699995637,"end":5575.543099999428},"results":{"assert::perfect":"true","assert::valid":"true","compute::values":"n=8,hash=6312bd4055f9fa664fd3c68e0e08f0a75039f1824ebd7b1a4d94774879d5d82e","compute::messages":"n=8,hash=ffa4e001ced3adc8eefe8d81f3a0282ce70e9f80869f18be369330c46a84d903","compute::sets":"n=1,hash=e0af8ef6c8311f6c83e9b542eed8def6249cee8f52bd6be91291561b3a154fde","compute::union":"n=8,hash=ffa4e001ced3adc8eefe8d81f3a0282ce70e9f80869f18be369330c46a84d903","compute::verified":"n=8,hash=ffa4e001ced3adc8eefe8d81f3a0282ce70e9f80869f18be369330c46a84d903","compute::unlinked":"n=0,hash=4f53cda18c2baa0c0354bb5f9a3ecbe5ed12ab4d8e11ba873c2f11161202b945"}},{"id":"ws://localhost:15005","times":{"events":{"compute::B1-generate-rs-issue-tag":{"type":"compute","start":5064.4007999897,"end":5064.463399991393},"compute::B2-generate-rs":{"type":"compute","start":5064.470799997449,"end":5082.986899986863},"broadcast/covert::B3-signed-input":{"type":"broadcast/covert","start":5082.993999987841,"end":5083.185199990869},"receive::B3-signed-input":{"type":"receive","start":5083.193499997258,"end":5161.8287999928},"broadcast/three-phase::B4-received-messages":{"type":"broadcast/three-phase","start":5162.213799998164,"end":5162.588899999857},"receive::B4-received-messages":{"type":"receive","start":5162.595699995756,"end":5576.0301999896765},"compute::B5-compute-set-union":{"type":"compute","start":5576.034199997783,"end":5576.043399989605},"compute::B6-verify-all-signatures":{"type":"compute","start":5576.044900000095,"end":5760.125199988484},"compute::B7-check-all-links":{"type":"compute","start":5760.134299993515,"end":5760.151699990034},"compute::B8-output-values":{"type":"compute","start":5760.1532000005245,"end":5760.228299990296}},"start":5064.374899998307,"end":5760.468799993396},"results":{"assert::perfect":"true","assert::valid":"true","compute::values":"n=8,hash=6312bd4055f9fa664fd3c68e0e08f0a75039f1824ebd7b1a4d94774879d5d82e","compute::messages":"n=8,hash=ffa4e001ced3adc8eefe8d81f3a0282ce70e9f80869f18be369330c46a84d903","compute::sets":"n=1,hash=e0af8ef6c8311f6c83e9b542eed8def6249cee8f52bd6be91291561b3a154fde","compute::union":"n=8,hash=ffa4e001ced3adc8eefe8d81f3a0282ce70e9f80869f18be369330c46a84d903","compute::verified":"n=8,hash=ffa4e001ced3adc8eefe8d81f3a0282ce70e9f80869f18be369330c46a84d903","compute::unlinked":"n=0,hash=4f53cda18c2baa0c0354bb5f9a3ecbe5ed12ab4d8e11ba873c2f11161202b945"}},{"id":"ws://localhost:15002",