{"aggregates":{"times":{"total":{"mean":131.715725004673,"std":51.09803988537757,"min":78.57790000736713,"max":183.66480000317097,"median":132.31010000407696,"count":4},"events":{"compute::B1-generate-rs-issue-tag":{"mean":0.10985000431537628,"std":0.08761070976030229,"min":0.043400004506111145,"max":0.22840000689029694,"median":0.08380000293254852,"count":4},"compute::B2-generate-rs":{"mean":9.108374997973442,"std":0.2175722313324594,"min":8.978300005197525,"max":9.433899998664856,"median":9.010649994015694,"count":4},"broadcast/covert::B3-signed-input":{"mean":0.1563749983906746,"std":0.03146705891907749,"min":0.13599999248981476,"max":0.20319999754428864,"median":0.14315000176429749,"count":4},"receive::B3-signed-input":{"mean":22.117975000292063,"std":12.44959318626382,"min":7.344600006937981,"max":37.03440000116825,"median":22.04644999653101,"count":4},"broadcast/three-phase::B4-received-messages":{"mean":0.26262500137090683,"std":0.10733808218656092,"min":0.19910000264644623,"max":0.42320001125335693,"median":0.21409999579191208,"count":4},"receive::B4-received-messages":{"mean":61.755400005728006,"std":48.61230939351761,"min":4.972300007939339,"max":118.11630000174046,"median":61.966500006616116,"count":4},"compute::B5-compute-set-union":{"mean":0.027249999344348907,"std":0.038903687282701896,"min":0.007100000977516174,"max":0.08560000360012054,"median":0.008149996399879456,"count":4},"compute::B6-verify-all-signatures":{"mean":37.49850000068545,"std":0.30900795188740887,"min":37.15579999983311,"max":37.85230000317097,"median":37.49294999986887,"count":4},"compute::B7-check-all-links":{"mean":0.03895000368356705,"std":0.0653061790642744,"min":0.005199998617172241,"max":0.13690000772476196,"median":0.006850004196166992,"count":4},"compute::B8-output-values":{"mean":0.07817500457167625,"std":0.08524558713307194,"min":0.03130000829696655,"max":0.20590001344680786,"median":0.0377499982714653,"count":4}}},"results":{"assert::perfect":{"true":4},"assert::valid":{"true":4},"compute::values":{"n=4,hash=1bd9ecc3ae1162fcf5f1e6f490e18bbe1e08c02fd11331196e3cfa9ce9a76c64":4},"compute::messages":{"n=4,hash=2bfa2e0b2d089a6c773269373de3d6b02bfe7d766c74b036c9afa7995780ed2e":4},"compute::sets":{"n=1,hash=f7e3b2b5790147f07a294c95964b55c1e1ba315d7aefea9baa71f2c99e66890b":4},"compute::union":{"n=4,hash=2bfa2e0b2d089a6c773269373de3d6b02bfe7d766c74b036c9afa7995780ed2e":4},"compute::verified":{"n=4,hash=2bfa2e0b2d089a6c773269373de3d6b02bfe7d766c74b036c9afa7995780ed2e":4},"compute::unlinked":{"n=0,hash=4f53cda18c2baa0c0354bb5f9a3ecbe5ed12ab4d8e11ba873c2f11161202b945":4}}},"reports":[{"id":"ws://localhost:15002","times":{"events":{"compute::B1-generate-rs-issue-tag":{"type":"compute","start":4967.576999992132,"end":4967.620399996638},"compute::B2-generate-rs":{"type":"compute","start":4967.628800004721,"end":4976.643099993467},"broadcast/covert::B3-signed-input":{"type":"broadcast/covert","start":4976.652600005269,"end":4976.798299998045},"receive::B3-signed-input":{"type":"receive","start":4976.809300005436,"end":5002.335299998522},"broadcast/three-phase::B4-received-messages":{"type":"broadcast/three-phase","start":5002.485499992967,"end":5002.90870000422},"receive::B4-received-messages":{"type":"receive","start":5002.917899996042,"end":5007.890200003982},"compute::B5-compute-set-union":{"type":"compute","start":5007.89620000124,"end":5007.98180000484},"compute::B6-verify-all-signatures":{"type":"compute","start":5007.9868000000715,"end":5045.627700001001},"compute::B7-check-all-links":{"type":"compute","start":5045.634299993515,"end":5045.77120000124},"compute::B8-output-values":{"type":"compute","start":5045.775999993086,"end":5045.981900006533}},"start":4967.55419999361,"end":5046.1321000009775},"results":{"assert::perfect":"true","assert::valid":"true","compute::values":"n=4,hash=1bd9ecc3ae1162fcf5f1e6f490e18bbe1e08c02fd11331196e3cfa9ce9a76c64","compute::messages":"n=4,hash=2bfa2e0b2d089a6c773269373de3d6b02bfe7d766c74b036c9afa7995780ed2e","compute::sets":"n=1,hash=f7e3b2b5790147f07a294c95964b55c1e1ba315d7aefea9baa71f2c99e66890b","compute::union":"n=4,hash=2bfa2e0b2d089a6c773269373de3d6b02bfe7d766c74b036c9afa7995780ed2e","compute::verified":"n=4,hash=2bfa2e0b2d089a6c773269373de3d6b02bfe7d766c74b036c9afa7995780ed2e","compute::unlinked":"n=0,hash=4f53cda18c2baa0c0354bb5f9a3ecbe5ed12ab4d8e11ba873c2f11161202b945"}},{"id":"ws://localhost:15000","times":{"events":{"compute::B1-generate-rs-issue-tag":{"type":"compute","start":4986.6421999931335,"end":4986.870600000024},"compute::B2-generate-rs":{"type":"compute","start":4986.880199998617,"end":4995.887199997902},"broadcast/covert::B3-signed-input":{"type":"broadcast/covert","start":4995.897399991751,"end":4996.038000002503},"receive::B3-signed-input":{"type":"receive","start":4996.04469999671,"end":5003.389300003648},"broadcast/three-phase::B4-received-messages":{"type":"broadcast/three-phase","start":5003.772100001574,"end":5003.990400001407},"receive::B4-received-messages":{"type":"receive","start":5003.9960999935865,"end":5047.4085000008345},"compute::B5-compute-set-union":{"type":"compute","start":5047.412599995732,"end":5047.420499995351},"compute::B6-verify-all-signatures":{"type":"compute","start":5047.4250999987125,"end":5084.77009999752},"compute::B7-check-all-links":{"type":"compute","start":5084.773200005293,"end":5084.77840000391},"compute::B8-output-values":{"type":"compute","start":5084.781700000167,"end":5084.822699993849}},"start":4986.621299996972,"end":5084.9461999982595},"results":{"assert::perfect":"true","assert::valid":"true","compute::values":"n=4,hash=1bd9ecc3ae1162fcf5f1e6f490e18bbe1e08c02fd11331196e3cfa9ce9a76c64","compute::messages":"n=4,hash=2bfa2e0b2d089a6c773269373de3d6b02bfe7d766c74b036c9afa7995780ed2e","compute::sets":"n=1,hash=f7e3b2b5790147f07a294c95964b55c1e1ba315d7aefea9baa71f2c99e66890b","compute::union":"n=4,hash=2bfa2e0b2d089a6c773269373de3d6b02bfe7d766c74b036c9afa7995780ed2e","compute::verified":"n=4,hash=2bfa2e0b2d089a6c773269373de3d6b02bfe7d766c74b036c9afa7995780ed2e","compute::unlinked":"n=0,hash=4f53cda18c2baa0c0354bb5f9a3ecbe5ed12ab4d8e11ba873c2f11161202b945"}},{"id":"ws://localhost:15001","times":{"events":{"compute::B1-generate-rs-issue-tag":{"type":"compute","start":4957.2639999985695,"end":4957.387799993157},"compute::B2-generate-rs":{"type":"compute","start":4957.4024000018835,"end":4966.836300000548},"broadcast/covert::B3-signed-input":{"type":"broadcast/covert","start":4966.895199999213,"end":4967.0983999967575},"receive::B3-signed-input":{"type":"receive","start":4967.201000005007,"end":5004.235400006175},"broadcast/three-phase::B4-received-messages":{"type":"broadcast/three-phase","start":5004.4591999948025,"end":5004.658299997449},"receive::B4-received-messages":{"type":"receive","start":5004.666099995375,"end":5085.186700001359},"compute::B5-compute-set-union":{"type":"compute","start":5085.190300002694,"end":5085.197400003672},"compute::B6-verify-all-signatures":{"type":"compute","start":5085.198899999261,"end":5123.051200002432},"compute::B7-check-all-links":{"type":"compute","start":5123.055099993944,"end":5123.061399996281},"compute::B8-output-values":{"type":"compute","start":5123.0627000033855,"end":5123.097200006247}},"start":4956.917199999094,"end":5123.2125000059605},"results":{"assert::perfect":"true","assert::valid":"true","compute::values":"n=4,hash=1bd9ecc3ae1162fcf5f1e6f490e18bbe1e08c02fd11331196e3cfa9ce9a76c64","compute::messages":"n=4,hash=2bfa2e0b2d089a6c773269373de3d6b02bfe7d766c74b036c9afa7995780ed2e","compute::sets":"n=1,hash=f7e3b2b5790147f07a294c95964b55c1e1ba315d7aefea9baa71f2c99e66890b","compute::union":"n=4,hash=2bfa2e0b2d089a6c773269373de3d6b02bfe7d766c74b036c9afa7995780ed2e","compute::verified":"n=4,hash=2bfa2e0b2d089a6c773269373de3d6b02bfe7d766c74b036c9afa7995780ed2e","compute::unlinked":"n=0,hash=4f53cda18c2baa0c0354bb5f9a3ecbe5ed12ab4d8e11ba873c2f11161202b945"}},{"id":"ws://localhost:15003",