{"aggregates":{"times":{"total":{"mean":26.13085000216961,"std":11.784570898912346,"min":17.79790000617504,"max":34.46379999816418,"median":26.13085000216961,"count":2},"events":{"compute::B1-generate-rs-issue-tag":{"mean":0.17499999701976776,"std":0.06519525301413728,"min":0.12889999151229858,"max":0.22110000252723694,"median":0.17499999701976776,"count":2},"compute::B2-generate-rs":{"mean":4.665449999272823,"std":0.3106319989105829,"min":4.445800006389618,"max":4.885099992156029,"median":4.665449999272823,"count":2},"broadcast/covert::B3-signed-input":{"mean":0.15894999355077744,"std":0.04871966007288008,"min":0.12449999153614044,"max":0.19339999556541443,"median":0.15894999355077744,"count":2},"receive::B3-signed-input":{"mean":3.6802000030875206,"std":4.080854645923745,"min":0.7946000099182129,"max":6.565799996256828,"median":3.6802000030875206,"count":2},"broadcast/three-phase::B4-received-messages":{"mean":0.21975000947713852,"std":0.12706709004593292,"min":0.1299000084400177,"max":0.30960001051425934,"median":0.21975000947713852,"count":2},"receive::B4-received-messages":{"mean":6.628800004720688,"std":7.44781429709293,"min":1.362400010228157,"max":11.895199999213219,"median":6.628800004720688,"count":2},"compute::B5-compute-set-union":{"mean":0.043199993669986725,"std":0.04836611123414645,"min":0.008999988436698914,"max":0.07739999890327454,"median":0.043199993669986725,"count":2},"compute::B6-verify-all-signatures":{"mean":9.746449992060661,"std":0.13413816165101475,"min":9.651599988341331,"max":9.841299995779991,"median":9.746449992060661,"count":2},"compute::B7-check-all-links":{"mean":0.06255000084638596,"std":0.0785595655983203,"min":0.006999999284744263,"max":0.11810000240802765,"median":0.06255000084638596,"count":2},"compute::B8-output-values":{"mean":0.11640000343322754,"std":0.10168194835741229,"min":0.04450000822544098,"max":0.1882999986410141,"median":0.11640000343322754,"count":2}}},"results":{"assert::perfect":{"true":2},"assert::valid":{"true":2},"compute::values":{"n=2,hash=5b941ad9f34e3e840311428414f254813fa48e6030e05c18f214f2284f486ba7":2},"compute::messages":{"n=2,hash=3ec6b378655a3f4f741249fe2d0f6ef951ce44cccf9942ca38d976edd61dab5f":2},"compute::sets":{"n=1,hash=6da3f8e6ef17c87e56b22ca90c549c743ca02465aafde785826903ad48fa6cff":2},"compute::union":{"n=2,hash=3ec6b378655a3f4f741249fe2d0f6ef951ce44cccf9942ca38d976edd61dab5f":2},"compute::verified":{"n=2,hash=3ec6b378655a3f4f741249fe2d0f6ef951ce44cccf9942ca38d976edd61dab5f":2},"compute::unlinked":{"n=0,hash=4f53cda18c2baa0c0354bb5f9a3ecbe5ed12ab4d8e11ba873c2f11161202b945":2}}},"reports":[{"id":"ws://localhost:15001","times":{"events":{"compute::B1-generate-rs-issue-tag":{"type":"compute","start":4964.051399990916,"end":4964.2724999934435},"compute::B2-generate-rs":{"type":"compute","start":4964.283099994063,"end":4968.728900000453},"broadcast/covert::B3-signed-input":{"type":"broadcast/covert","start":4968.73749999702,"end":4968.861999988556},"receive::B3-signed-input":{"type":"receive","start":4968.87009999156,"end":4969.664700001478},"broadcast/three-phase::B4-received-messages":{"type":"broadcast/three-phase","start":4969.791599988937,"end":4970.101199999452},"receive::B4-received-messages":{"type":"receive","start":4970.1076999902725,"end":4971.470100000501},"compute::B5-compute-set-union":{"type":"compute","start":4971.474699988961,"end":4971.5520999878645},"compute::B6-verify-all-signatures":{"type":"compute","start":4971.55719999969,"end":4981.39849999547},"compute::B7-check-all-links":{"type":"compute","start":4981.403499990702,"end":4981.52159999311},"compute::B8-output-values":{"type":"compute","start":4981.526299998164,"end":4981.714599996805}},"start":4964.028699994087,"end":4981.826600000262},"results":{"assert::perfect":"true","assert::valid":"true","compute::values":"n=2,hash=5b941ad9f34e3e840311428414f254813fa48e6030e05c18f214f2284f486ba7","compute::messages":"n=2,hash=3ec6b378655a3f4f741249fe2d0f6ef951ce44cccf9942ca38d976edd61dab5f","compute::sets":"n=1,hash=6da3f8e6ef17c87e56b22ca90c549c743ca02465aafde785826903ad48fa6cff","compute::union":"n=2,hash=3ec6b378655a3f4f741249fe2d0f6ef951ce44cccf9942ca38d976edd61dab5f","compute::verified":"n=2,hash=3ec6b378655a3f4f741249fe2d0f6ef951ce44cccf9942ca38d976edd61dab5f","compute::unlinked":"n=0,hash=4f53cda18c2baa0c0354bb5f9a3ecbe5ed12ab4d8e11ba873c2f11161202b945"}},{"id":"ws://localhost:15000","times":{"events":{"compute::B1-generate-rs-issue-tag":{"type":"compute","start":4958.435800001025,"end":4958.5646999925375},"compute::B2-generate-rs":{"type":"compute","start":4958.582499995828,"end":4963.467599987984},"broadcast/covert::B3-signed-input":{"type":"broadcast/covert","start":4963.52349999547,"end":4963.7168999910355},"receive::B3-signed-input":{"type":"receive","start":4963.816100001335,"end":4970.381899997592},"broadcast/three-phase::B4-received-messages":{"type":"broadcast/three-phase","start":4970.715099990368,"end":4970.844999998808},"receive::B4-received-messages":{"type":"receive","start":4970.854399994016,"end":4982.749599993229},"compute::B5-compute-set-union":{"type":"compute","start":4982.75530000031,"end":4982.764299988747},"compute::B6-verify-all-signatures":{"type":"compute","start":4982.765799999237,"end":4992.417399987578},"compute::B7-check-all-links":{"type":"compute","start":4992.420800000429,"end":4992.427799999714},"compute::B8-output-values":{"type":"compute","start":4992.428899988532,"end":4992.4733999967575}},"start":4958.094899997115,"end":4992.558699995279},"results":{"assert::perfect":"true","assert::valid":"true","compute::values":"n=2,hash=5b941ad9f34e3e840311428414f254813fa48e6030e05c18f214f2284f486ba7","compute::messages":"n=2,hash=3ec6b378655a3f4f741249fe2d0f6ef951ce44cccf9942ca38d976edd61dab5f","compute::sets":"n=1,hash=6da3f8e6ef17c87e56b22ca90c549c743ca02465aafde785826903ad48fa6cff","compute::union":"n=2,hash=3ec6b378655a3f4f741249fe2d0f6ef951ce44cccf9942ca38d976edd61dab5f","compute::verified":"n=2,hash=3ec6b378655a3f4f741249fe2d0f6ef951ce44cccf9942ca38d976edd61dab5f","compute::unlinked":"n=0,hash=4f53cda18c2baa0c0354bb5f9a3ecbe5ed12ab4d8e11ba873c2f11161202b945"}}]}