{"aggregates":{"times":{"total":{"mean":35.02439999580383,"std":11.488172793243018,"min":21.52749991416931,"max":48.223000049591064,"median":35.17355000972748,"count":4},"events":{"compute::B1-generate-rs-issue-tag":{"mean":0.11022499203681946,"std":0.08397204118212656,"min":0.04739999771118164,"max":0.22599995136260986,"median":0.08375000953674316,"count":4},"compute::B2-generate-rs":{"mean":8.753949999809265,"std":0.24429913758513877,"min":8.622099995613098,"max":9.120200037956238,"median":8.636749982833862,"count":4},"broadcast/covert::B3-signed-input":{"mean":0.18187499046325684,"std":0.05647877697889558,"min":0.13559997081756592,"max":0.2516000270843506,"median":0.17014998197555542,"count":4},"receive::B3-signed-input":{"mean":20.598049998283386,"std":10.820845743020238,"min":7.87720000743866,"max":32.930700063705444,"median":20.79214996099472,"count":4},"broadcast/three-phase::B4-received-messages":{"mean":0.23857495188713074,"std":0.10786980822939582,"min":0.17409992218017578,"max":0.3997999429702759,"median":0.19019997119903564,"count":4},"receive::B4-received-messages":{"mean":4.646200031042099,"std":0.27849626095525537,"min":4.324299931526184,"max":5.001800060272217,"median":4.629350066184998,"count":4}}},"results":{"compute::messages":{"n=4,hash=25da728287ac1379297289d7fec0919c9dc9807f4ede3a684c65d106137c0263":4},"compute::sets":{"n=1,hash=35dade9f922abd0beb0a07144eeec23145726c283f744a6fd5de2ed80f835de4":4}}},"reports":[{"id":"ws://localhost:15002","times":{"events":{"compute::B1-generate-rs-issue-tag":{"type":"compute","start":4945.998800039291,"end":4946.117200016975},"compute::B2-generate-rs":{"type":"compute","start":4946.134899973869,"end":4955.255100011826},"broadcast/covert::B3-signed-input":{"type":"broadcast/covert","start":4955.3221999406815,"end":4955.573799967766},"receive::B3-signed-input":{"type":"receive","start":4955.674199938774,"end":4988.60490000248},"broadcast/three-phase::B4-received-messages":{"type":"broadcast/three-phase","start":4988.754400014877,"end":4989.154199957848},"receive::B4-received-messages":{"type":"receive","start":4989.164899945259,"end":4993.762300014496}},"start":4945.697299957275,"end":4993.9203000068665},"results":{"compute::messages":"n=4,hash=25da728287ac1379297289d7fec0919c9dc9807f4ede3a684c65d106137c0263","compute::sets":"n=1,hash=35dade9f922abd0beb0a07144eeec23145726c283f744a6fd5de2ed80f835de4"}},{"id":"ws://localhost:15000","times":{"events":{"compute::B1-generate-rs-issue-tag":{"type":"compute","start":4956.097900032997,"end":4956.145300030708},"compute::B2-generate-rs":{"type":"compute","start":4956.154099941254,"end":4964.785799980164},"broadcast/covert::B3-signed-input":{"type":"broadcast/covert","start":4964.796000003815,"end":4964.9322999715805},"receive::B3-signed-input":{"type":"receive","start":4964.940600037575,"end":4990.050300002098},"broadcast/three-phase::B4-received-messages":{"type":"broadcast/three-phase","start":4990.420099973679,"end":4990.616500020027},"receive::B4-received-messages":{"type":"receive","start":4990.621799945831,"end":4995.6236000061035}},"start":4956.071799993515,"end":4995.690600037575},"results":{"compute::messages":"n=4,hash=25da728287ac1379297289d7fec0919c9dc9807f4ede3a684c65d106137c0263","compute::sets":"n=1,hash=35dade9f922abd0beb0a07144eeec23145726c283f744a6fd5de2ed80f835de4"}},{"id":"ws://localhost:15003","times":{"events":{"compute::B1-generate-rs-issue-tag":{"type":"compute","start":4965.246399998665,"end":4965.4723999500275},"compute::B2-generate-rs":{"type":"compute","start":4965.48290002346,"end":4974.124699950218},"broadcast/covert::B3-signed-input":{"type":"broadcast/covert","start":4974.141299962997,"end":4974.345299959183},"receive::B3-signed-input":{"type":"receive","start":4974.357100009918,"end":4990.831699967384},"broadcast/three-phase::B4-received-messages":{"type":"broadcast/three-phase","start":4991.041900038719,"end":4991.215999960899},"receive::B4-received-messages":{"type":"receive","start":4991.223299980164,"end":4995.884600043297}},"start":4965.218700051308,"end":4995.947000026703},"results":{"compute::messages":"n=4,hash=25da728287ac1379297289d7fec0919c9dc9807f4ede3a684c65d106137c0263","compute::sets":"n=1,hash=35dade9f922abd0beb0a07144eeec23145726c283f744a6fd5de2ed80f835de4"}},{"id":"ws://localhost:15001","times":{"events":{"compute::B1-generate-rs-issue-tag":{"type":"compute","start":4974.696599960327,"end":4974.745700001717},"compute::B2-generate-rs":{"type":"compute","start":4974.7582000494,"end":4983.380300045013},"broadcast/covert::B3-signed-input":{"type":"broadcast/covert","start":4983.391800045967,"end":4983.527400016785},"receive::B3-signed-input":{"type":"receive","start":4983.5358999967575,"end":4991.413100004196},"broadcast/three-phase::B4-received-messages":{"type":"broadcast/three-phase","start":4991.613800048828,"end":4991.797799944878},"receive::B4-received-messages":{"type":"receive","start":4991.803400039673,"end":4996.127699971199}},"start":4974.670500040054,"end":4996.197999954224},"results":{"compute::messages":"n=4,hash=25da728287ac1379297289d7fec0919c9dc9807f4ede3a684c65d106137c0263","compute::sets":"n=1,hash=35dade9f922abd0beb0a07144eeec23145726c283f744a6fd5de2ed80f835de4"}}]}