{"aggregates":{"times":{"total":{"mean":150.79563750326633,"std":44.873354082255894,"min":88.35199999809265,"max":217.08239996433258,"median":148.65860003232956,"count":8},"events":{"compute::B1-generate-rs-issue-tag":{"mean":0.10609999299049377,"std":0.09308614319698932,"min":0.06060004234313965,"max":0.3278999328613281,"median":0.06584995985031128,"count":8},"compute::B2-generate-rs":{"mean":17.54781249165535,"std":0.49295006085291093,"min":17.178499937057495,"max":18.598099946975708,"median":17.3751500248909,"count":8},"broadcast/covert::B3-signed-input":{"mean":0.2321375012397766,"std":0.08559535092855478,"min":0.1734999418258667,"max":0.40310001373291016,"median":0.19590002298355103,"count":8},"receive::B3-signed-input":{"mean":102.36606250703335,"std":44.36775973895834,"min":43.05220007896423,"max":168.15900003910065,"median":99.76359993219376,"count":8},"broadcast/three-phase::B4-received-messages":{"mean":0.3911374807357788,"std":0.10579118911589884,"min":0.3242999315261841,"max":0.6477000713348389,"median":0.3571000099182129,"count":8},"receive::B4-received-messages":{"mean":29.546012476086617,"std":2.187261061296156,"min":26.845100045204163,"max":32.49499988555908,"median":28.730250000953674,"count":8}}},"results":{"compute::messages":{"n=8,hash=5af27ea90d906912904e29d6d34eeed7a05bbcea880e46458d78b1fc79230333":8},"compute::sets":{"n=1,hash=a3e0d465a4d95dd70e10b7f7635d1fa53a07b996b39412810db68c3d2f29bcb1":8}}},"reports":[{"id":"ws://localhost:15004","times":{"events":{"compute::B1-generate-rs-issue-tag":{"type":"compute","start":5047.526700019836,"end":5047.5902000665665},"compute::B2-generate-rs":{"type":"compute","start":5047.596899986267,"end":5064.8576999902725},"broadcast/covert::B3-signed-input":{"type":"broadcast/covert","start":5064.876600027084,"end":5065.073300004005},"receive::B3-signed-input":{"type":"receive","start":5065.083800077438,"end":5150.853399991989},"broadcast/three-phase::B4-received-messages":{"type":"broadcast/three-phase","start":5151.092599987984,"end":5151.7403000593185},"receive::B4-received-messages":{"type":"receive","start":5151.75200009346,"end":5184.246999979019}},"start":5047.496700048447,"end":5184.504100084305},"results":{"compute::messages":"n=8,hash=5af27ea90d906912904e29d6d34eeed7a05bbcea880e46458d78b1fc79230333","compute::sets":"n=1,hash=a3e0d465a4d95dd70e10b7f7635d1fa53a07b996b39412810db68c3d2f29bcb1"}},{"id":"ws://localhost:15001","times":{"events":{"compute::B1-generate-rs-issue-tag":{"type":"compute","start":4992.335100054741,"end":4992.400099992752},"compute::B2-generate-rs":{"type":"compute","start":4992.409399986267,"end":5009.80680000782},"broadcast/covert::B3-signed-input":{"type":"broadcast/covert","start":5009.8270000219345,"end":5010.230100035667},"receive::B3-signed-input":{"type":"receive","start":5010.241299986839,"end":5158.704400062561},"broadcast/three-phase::B4-received-messages":{"type":"broadcast/three-phase","start":5159.021900057793,"end":5159.3550000190735},"receive::B4-received-messages":{"type":"receive","start":5159.358500003815,"end":5188.195100069046}},"start":4992.306400060654,"end":5188.318899989128},"results":{"compute::messages":"n=8,hash=5af27ea90d906912904e29d6d34eeed7a05bbcea880e46458d78b1fc79230333","compute::sets":"n=1,hash=a3e0d465a4d95dd70e10b7f7635d1fa53a07b996b39412810db68c3d2f29bcb1"}},{"id":"ws://localhost:15000","times":{"events":{"compute::B1-generate-rs-issue-tag":{"type":"compute","start":5011.16940009594,"end":5011.497300028801},"compute::B2-generate-rs":{"type":"compute","start":5011.51390004158,"end":5028.924700021744},"broadcast/covert::B3-signed-input":{"type":"broadcast/covert","start":5028.9399000406265,"end":5029.119000077248},"receive::B3-signed-input":{"type":"receive","start":5029.130600094795,"end":5155.642000079155},"broadcast/three-phase::B4-received-messages":{"type":"broadcast/three-phase","start":5156.165700078011,"end":5156.559499979019},"receive::B4-received-messages":{"type":"receive","start":5156.568300008774,"end":5188.565299987793}},"start":5011.129199981689,"end":5188.769400000572},"results":{"compute::messages":"n=8,hash=5af27ea90d906912904e29d6d34eeed7a05bbcea880e46458d78b1fc79230333","compute::sets":"n=1,hash=a3e0d465a4d95dd70e10b7f7635d1fa53a07b996b39412810db68c3d2f29bcb1"}},{"id":"ws://localhost:15002","times":{"events":{"compute::B1-generate-rs-issue-tag":{"type":"compute","start":4972.342400074005,"end":4972.478200078011},"compute::B2-generate-rs":{"type":"compute","start":4972.491800069809,"end":4991.089900016785},"broadcast/covert::B3-signed-input":{"type":"broadcast/covert","start":4991.16740000248,"end":4991.4969000816345},"receive::B3-signed-input":{"type":"receive","start":4991.598299980164,"end":5159.757300019264},"broadcast/three-phase::B4-received-messages":{"type":"broadcast/three-phase","start":5160.071400046349,"end":5160.395699977875},"receive::B4-received-messages":{"type":"receive","start":5160.399200081825,"end":5189.023100018501}},"start":4972.069900035858,"end":5189.152300000191},"results":{"compute::messages":"n=8,hash=5af27ea90d906912904e29d6d34eeed7a05bbcea880e46458d78b1fc79230333","compute::sets":"n=1,hash=a3e0d465a4d95dd70e10b7f7635d1fa53a07b996b39412810db68c3d2f29bcb1"}},{"id":"ws://localhost:15003","times":{"events":{"compute::B1-generate-rs-issue-tag":{"type":"compute","start":5084.342599987984,"end":5084.410000085831},"compute::B2-generate-rs":{"type":"compute","start":5084.416800022125,"end":5101.624199986458},"broadcast/covert::B3-signed-input":{"type":"broadcast/covert","start":5101.631600022316,"end":5101.826700091362},"receive::B3-signed-input":{"type":"receive","start":5101.835600018501,"end":5156.993700027466},"broadcast/three-phase::B4-received-messages":{"type":"broadcast/three-phase","start":5157.341199994087,"end":5157.698500037193},"receive::B4-received-messages":{"type":"receive","start":5157.705100059509,"end":5189.4147000312805}},"start":5084.317399978638,"end":5189.528200030327},"results":{"compute::messages":"n=8,hash=5af27ea90d906912904e29d6d34eeed7a05bbcea880e46458d78b1fc79230333","compute::sets":"n=1,hash=a3e0d465a4d95dd70e10b7f7635d1fa53a07b996b39412810db68c3d2f29bcb1"}},{"id":"ws://localhost:15201","times":{"events":{"compute::B1-generate-rs-issue-tag":{"type":"compute","start":5029.602500081062,"end":5029.664399981499},"compute::B2-generate-rs":{"type":"compute","start":5029.675000071526,"end":5046.853500008583},"broadcast/covert::B3-signed-input":{"type":"broadcast/covert","start":5046.874000072479,"end":5047.047500014305},"receive::B3-signed-input":{"type":"receive","start":5047.057900071144,"end":5160.815500020981},"broadcast/three-phase::B4-received-messages":{"type":"broadcast/three-phase","start":5161.142000079155,"end":5161.498900055885},"receive::B4-received-messages":{"type":"receive","start":5161.5024000406265,"end":5189.7757999897}},"start":5029.576900005341,"end":5189.8867000341415},"results":{"compute::messages":"n=8,hash=5af27ea90d906912904e29d6d34eeed7a05bbcea880e46458d78b1fc79230333","compute::sets":"n=1,hash=a3e0d465a4d95dd70e10b7f7635d1fa53a07b996b39412810db68c3d2f29bcb1"}},{"id":"ws://localhost:15005","times":{"events":{"compute::B1-generate-rs-issue-tag":{"type":"compute","start":5065.586500048637,"end":5065.653200030327},"compute::B2-generate-rs":{"type":"compute","start":5065.660300016403,"end":5083.636900067329},"broadcast/covert::B3-signed-input":{"type":"broadcast/covert","start":5083.644400000572,"end":5083.843299984932},"receive::B3-signed-input":{"type":"receive","start":5083.8522000312805,"end":5161.909700036049},"broadcast/three-phase::B4-received-messages":{"type":"broadcast/three-phase","start":5162.241600036621,"end":5162.608600020409},"receive::B4-received-messages":{"type":"receive","start":5162.612300038338,"end":5190.199800014496}},"start":5065.5594000816345,"end":5190.3094000816345},"results":{"compute::messages":"n=8,hash=5af27ea90d906912904e29d6d34eeed7a05bbcea880e46458d78b1fc79230333",