{"aggregates":{"times":{"total":{"mean":744.5436687320471,"std":180.7560983005495,"min":462.52270007133484,"max":1032.0356999635696,"median":744.9178000092506,"count":16},"events":{"compute::B1-generate-rs-issue-tag":{"mean":0.12728125602006912,"std":0.13764596780756475,"min":0.06780004501342773,"max":0.586899995803833,"median":0.0718500018119812,"count":16},"compute::B2-generate-rs":{"mean":36.94624375551939,"std":0.9278690472349852,"min":36.40750002861023,"max":40.24279999732971,"median":36.68169993162155,"count":16},"broadcast/covert::B3-signed-input":{"mean":0.19106874614953995,"std":0.019433190712730655,"min":0.17229998111724854,"max":0.2541999816894531,"median":0.18480002880096436,"count":16},"receive::B3-signed-input":{"mean":534.643793746829,"std":178.0329969070915,"min":261.4854999780655,"max":821.043799996376,"median":532.7091500163078,"count":16},"broadcast/three-phase::B4-received-messages":{"mean":0.6881562620401382,"std":0.08090875733513904,"min":0.6255999803543091,"max":0.9255000352859497,"median":0.6625499725341797,"count":16},"receive::B4-received-messages":{"mean":170.84485000371933,"std":6.396545986853996,"min":156.20770001411438,"max":178.6898000240326,"median":171.7567000389099,"count":16}}},"results":{"compute::messages":{"n=16,hash=bc09e718472082aa5426ec90cf0ecf6ac1074e74da085371c5aa0998acbf550a":16},"compute::sets":{"n=1,hash=b2ea382d2953970cc5e26f90e74b260392bede5f53ce500fc4357c4fdfdbc468":16}}},"reports":[{"id":"ws://localhost:15010","times":{"events":{"compute::B1-generate-rs-issue-tag":{"type":"compute","start":5429.115700006485,"end":5429.184200048447},"compute::B2-generate-rs":{"type":"compute","start":5429.191699981689,"end":5465.9668999910355},"broadcast/covert::B3-signed-input":{"type":"broadcast/covert","start":5465.973700046539,"end":5466.156200051308},"receive::B3-signed-input":{"type":"receive","start":5466.161000013351,"end":5771.789299964905},"broadcast/three-phase::B4-received-messages":{"type":"broadcast/three-phase","start":5771.9668999910355,"end":5772.620800018311},"receive::B4-received-messages":{"type":"receive","start":5772.628700017929,"end":5951.140599966049}},"start":5429.093100070953,"end":5951.584800004959},"results":{"compute::messages":"n=16,hash=bc09e718472082aa5426ec90cf0ecf6ac1074e74da085371c5aa0998acbf550a","compute::sets":"n=1,hash=b2ea382d2953970cc5e26f90e74b260392bede5f53ce500fc4357c4fdfdbc468"}},{"id":"ws://localhost:15008","times":{"events":{"compute::B1-generate-rs-issue-tag":{"type":"compute","start":5198.153599977493,"end":5198.221400022507},"compute::B2-generate-rs":{"type":"compute","start":5198.228299975395,"end":5234.747900009155},"broadcast/covert::B3-signed-input":{"type":"broadcast/covert","start":5234.757699966431,"end":5234.944800019264},"receive::B3-signed-input":{"type":"receive","start":5234.952800035477,"end":5776.428099989891},"broadcast/three-phase::B4-received-messages":{"type":"broadcast/three-phase","start":5777.986199975014,"end":5778.665600061417},"receive::B4-received-messages":{"type":"receive","start":5778.669800043106,"end":5957.359600067139}},"start":5198.129299998283,"end":5957.857500076294},"results":{"compute::messages":"n=16,hash=bc09e718472082aa5426ec90cf0ecf6ac1074e74da085371c5aa0998acbf550a","compute::sets":"n=1,hash=b2ea382d2953970cc5e26f90e74b260392bede5f53ce500fc4357c4fdfdbc468"}},{"id":"ws://localhost:15009","times":{"events":{"compute::B1-generate-rs-issue-tag":{"type":"compute","start":5273.999199986458,"end":5274.070000052452},"compute::B2-generate-rs":{"type":"compute","start":5274.077300071716,"end":5314.320100069046},"broadcast/covert::B3-signed-input":{"type":"broadcast/covert","start":5314.330900073051,"end":5314.509500026703},"receive::B3-signed-input":{"type":"receive","start":5314.520799994469,"end":5779.408800005913},"broadcast/three-phase::B4-received-messages":{"type":"broadcast/three-phase","start":5779.946799993515,"end":5780.572399973869},"receive::B4-received-messages":{"type":"receive","start":5780.5758999586105,"end":5958.320899963379}},"start":5273.969799995422,"end":5958.81299996376},"results":{"compute::messages":"n=16,hash=bc09e718472082aa5426ec90cf0ecf6ac1074e74da085371c5aa0998acbf550a","compute::sets":"n=1,hash=b2ea382d2953970cc5e26f90e74b260392bede5f53ce500fc4357c4fdfdbc468"}},{"id":"ws://localhost:15004","times":{"events":{"compute::B1-generate-rs-issue-tag":{"type":"compute","start":4970.936300039291,"end":4971.523200035095},"compute::B2-generate-rs":{"type":"compute","start":4971.537100076675,"end":5008.225399971008},"broadcast/covert::B3-signed-input":{"type":"broadcast/covert","start":5008.245200037956,"end":5008.450100064278},"receive::B3-signed-input":{"type":"receive","start":5008.459800004959,"end":5781.298200011253},"broadcast/three-phase::B4-received-messages":{"type":"broadcast/three-phase","start":5781.799499988556,"end":5782.446200013161},"receive::B4-received-messages":{"type":"receive","start":5782.449699997902,"end":5959.224799990654}},"start":4970.90700006485,"end":5959.570800065994},"results":{"compute::messages":"n=16,hash=bc09e718472082aa5426ec90cf0ecf6ac1074e74da085371c5aa0998acbf550a","compute::sets":"n=1,hash=b2ea382d2953970cc5e26f90e74b260392bede5f53ce500fc4357c4fdfdbc468"}},{"id":"ws://localhost:15003","times":{"events":{"compute::B1-generate-rs-issue-tag":{"type":"compute","start":5009.331200003624,"end":5009.404900074005},"compute::B2-generate-rs":{"type":"compute","start":5009.415699958801,"end":5045.853600025177},"broadcast/covert::B3-signed-input":{"type":"broadcast/covert","start":5045.866899967194,"end":5046.047600030899},"receive::B3-signed-input":{"type":"receive","start":5046.0584000349045,"end":5783.20710003376},"broadcast/three-phase::B4-received-messages":{"type":"broadcast/three-phase","start":5783.870800018311,"end":5784.49950003624},"receive::B4-received-messages":{"type":"receive","start":5784.503000020981,"end":5960.012799978256}},"start":5009.295099973679,"end":5960.314100027084},"results":{"compute::messages":"n=16,hash=bc09e718472082aa5426ec90cf0ecf6ac1074e74da085371c5aa0998acbf550a","compute::sets":"n=1,hash=b2ea382d2953970cc5e26f90e74b260392bede5f53ce500fc4357c4fdfdbc468"}},{"id":"ws://localhost:15001","times":{"events":{"compute::B1-generate-rs-issue-tag":{"type":"compute","start":5046.881000041962,"end":5046.954200029373},"compute::B2-generate-rs":{"type":"compute","start":5046.963600039482,"end":5083.796599984169},"broadcast/covert::B3-signed-input":{"type":"broadcast/covert","start":5083.817200064659,"end":5083.998700022697},"receive::B3-signed-input":{"type":"receive","start":5084.009500026703,"end":5785.280900001526},"broadcast/three-phase::B4-received-messages":{"type":"broadcast/three-phase","start":5785.777400016785,"end":5786.422600030899},"receive::B4-received-messages":{"type":"receive","start":5786.42610001564,"end":5960.721600055695}},"start":5046.855100035667,"end":5961.022400021553},"results":{"compute::messages":"n=16,hash=bc09e718472082aa5426ec90cf0ecf6ac1074e74da085371c5aa0998acbf550a","compute::sets":"n=1,hash=b2ea382d2953970cc5e26f90e74b260392bede5f53ce500fc4357c4fdfdbc468"}},{"id":"ws://localhost:15007","times":{"events":{"compute::B1-generate-rs-issue-tag":{"type":"compute","start":5391.320299983025,"end":5391.390400052071},"compute::B2-generate-rs":{"type":"compute","start":5391.397600054741,"end":5428.072700023651},"broadcast/covert::B3-signed-input":{"type":"broadcast/covert","start":5428.080100059509,"end":5428.267899990082},"receive::B3-signed-input":{"type":"receive","start":5428.273400068283,"end":5787.131000041962},"broadcast/three-phase::B4-received-messages":{"type":"broadcast/three-phase","start":5787.63170003891,"end":5788.266399979591},"receive::B4-received-messages":{"type":"receive","start":5788.269899964333,"end":5961.552999973297}},"start":5391.291900038719,"end":5962.004700064659},"results":{"compute::messages":"n=16,hash=bc09e718472082aa5426ec90cf0ecf6ac1074e74da085371c5aa0998acbf550a",