{"aggregates":{"times":{"total":{"mean":11.157549977302551,"std":4.870197989139825,"min":7.713799953460693,"max":14.60130000114441,"median":11.157549977302551,"count":2},"events":{"compute::B1-generate-rs-issue-tag":{"mean":0.18494999408721924,"std":0.042214283468511464,"min":0.1550999879837036,"max":0.21480000019073486,"median":0.18494999408721924,"count":2},"compute::B2-generate-rs":{"mean":4.689649999141693,"std":0.27301388195574505,"min":4.496600031852722,"max":4.882699966430664,"median":4.689649999141693,"count":2},"broadcast/covert::B3-signed-input":{"mean":0.17500001192092896,"std":0.02192032302942492,"min":0.15950000286102295,"max":0.19050002098083496,"median":0.17500001192092896,"count":2},"receive::B3-signed-input":{"mean":3.760300040245056,"std":4.141948662866272,"min":0.8315000534057617,"max":6.689100027084351,"median":3.760300040245056,"count":2},"broadcast/three-phase::B4-received-messages":{"mean":0.2231999635696411,"std":0.1326531595905819,"min":0.12940001487731934,"max":0.3169999122619629,"median":0.2231999635696411,"count":2},"receive::B4-received-messages":{"mean":1.5341999530792236,"std":0.2442347493870513,"min":1.3614999055862427,"max":1.7069000005722046,"median":1.5341999530792236,"count":2}}},"results":{"compute::messages":{"n=2,hash=074f9bdce03fb6303af19ec0aa94ac02cc811b8a245a4b6993b1cf5d66e9d129":2},"compute::sets":{"n=1,hash=5a8a14fa4595bb428267515072509595be5fba2b5aefc617a21e5d7ecb537279":2}}},"reports":[{"id":"ws://localhost:15001","times":{"events":{"compute::B1-generate-rs-issue-tag":{"type":"compute","start":4705.955500006676,"end":4706.1703000068665},"compute::B2-generate-rs":{"type":"compute","start":4706.180700063705,"end":4710.677300095558},"broadcast/covert::B3-signed-input":{"type":"broadcast/covert","start":4710.694000005722,"end":4710.853500008583},"receive::B3-signed-input":{"type":"receive","start":4710.862300038338,"end":4711.6938000917435},"broadcast/three-phase::B4-received-messages":{"type":"broadcast/three-phase","start":4711.812900066376,"end":4712.129899978638},"receive::B4-received-messages":{"type":"receive","start":4712.137000083923,"end":4713.49849998951}},"start":4705.929200053215,"end":4713.643000006676},"results":{"compute::messages":"n=2,hash=074f9bdce03fb6303af19ec0aa94ac02cc811b8a245a4b6993b1cf5d66e9d129","compute::sets":"n=1,hash=5a8a14fa4595bb428267515072509595be5fba2b5aefc617a21e5d7ecb537279"}},{"id":"ws://localhost:15000","times":{"events":{"compute::B1-generate-rs-issue-tag":{"type":"compute","start":4700.32020008564,"end":4700.475300073624},"compute::B2-generate-rs":{"type":"compute","start":4700.492400050163,"end":4705.375100016594},"broadcast/covert::B3-signed-input":{"type":"broadcast/covert","start":4705.430899977684,"end":4705.621399998665},"receive::B3-signed-input":{"type":"receive","start":4705.722800016403,"end":4712.411900043488},"broadcast/three-phase::B4-received-messages":{"type":"broadcast/three-phase","start":4712.742900013924,"end":4712.872300028801},"receive::B4-received-messages":{"type":"receive","start":4712.879600048065,"end":4714.586500048637}},"start":4700.039800047874,"end":4714.641100049019},"results":{"compute::messages":"n=2,hash=074f9bdce03fb6303af19ec0aa94ac02cc811b8a245a4b6993b1cf5d66e9d129","compute::sets":"n=1,hash=5a8a14fa4595bb428267515072509595be5fba2b5aefc617a21e5d7ecb537279"}}]}