{"aggregates":{"times":{"total":{"mean":173.0448625087738,"std":44.09920310046699,"min":114.27649998664856,"max":239.1936000585556,"median":171.6374499797821,"count":8},"events":{"compute::B1-generate-rs-issue-tag":{"mean":0.10463748872280121,"std":0.08481402438427632,"min":0.060899972915649414,"max":0.3048999309539795,"median":0.0675499439239502,"count":8},"compute::B2-generate-rs":{"mean":17.446787491440773,"std":0.40897712592967284,"min":17.142199993133545,"max":18.383399963378906,"median":17.29529994726181,"count":8},"broadcast/covert::B3-signed-input":{"mean":0.20714998245239258,"std":0.046644185508561885,"min":0.17069995403289795,"max":0.30229997634887695,"median":0.1872999668121338,"count":8},"receive::B3-signed-input":{"mean":105.5321124792099,"std":44.62052242045306,"min":44.735899925231934,"max":169.86589992046356,"median":108.1787999868393,"count":8},"broadcast/open::B4-received-messages":{"mean":0.9380249977111816,"std":1.0976912341503613,"min":0.5128999948501587,"max":3.6538000106811523,"median":0.54749995470047,"count":8},"receive::B4-received-messages":{"mean":47.301662519574165,"std":6.809644275443291,"min":34.782400012016296,"max":56.80279994010925,"median":48.957200050354004,"count":8}}},"results":{"compute::messages":{"n=8,hash=7eec2c5da2fdcabf7b752c09169eaee26ad43a19c8628a80333c196ce6a90103":8},"compute::sets":{"n=8,hash=26350ba12423e686f831dc0a497aa30907b4b9b685cd7bf6a00631ea28dcbc53":8}}},"reports":[{"id":"ws://localhost:15000","times":{"events":{"compute::B1-generate-rs-issue-tag":{"type":"compute","start":5025.251600027084,"end":5025.321200013161},"compute::B2-generate-rs":{"type":"compute","start":5025.328200101852,"end":5043.711600065231},"broadcast/covert::B3-signed-input":{"type":"broadcast/covert","start":5043.727400064468,"end":5043.912900090218},"receive::B3-signed-input":{"type":"receive","start":5043.921100020409,"end":5143.926900029182},"broadcast/open::B4-received-messages":{"type":"broadcast/open","start":5144.497900009155,"end":5145.01810002327},"receive::B4-received-messages":{"type":"receive","start":5145.021800041199,"end":5179.804200053215}},"start":5025.224000096321,"end":5182.282600045204},"results":{"compute::messages":"n=8,hash=7eec2c5da2fdcabf7b752c09169eaee26ad43a19c8628a80333c196ce6a90103","compute::sets":"n=8,hash=26350ba12423e686f831dc0a497aa30907b4b9b685cd7bf6a00631ea28dcbc53"}},{"id":"ws://localhost:15002","times":{"events":{"compute::B1-generate-rs-issue-tag":{"type":"compute","start":4970.0940001010895,"end":4970.3989000320435},"compute::B2-generate-rs":{"type":"compute","start":4970.41370010376,"end":4987.698300004005},"broadcast/covert::B3-signed-input":{"type":"broadcast/covert","start":4987.720300078392,"end":4987.976000070572},"receive::B3-signed-input":{"type":"receive","start":4987.985400080681,"end":5135.985400080681},"broadcast/open::B4-received-messages":{"type":"broadcast/open","start":5136.658699989319,"end":5137.251600027084},"receive::B4-received-messages":{"type":"receive","start":5137.265200018883,"end":5185.170600056648}},"start":4970.06099998951,"end":5185.773500084877},"results":{"compute::messages":"n=8,hash=7eec2c5da2fdcabf7b752c09169eaee26ad43a19c8628a80333c196ce6a90103","compute::sets":"n=8,hash=26350ba12423e686f831dc0a497aa30907b4b9b685cd7bf6a00631ea28dcbc53"}},{"id":"ws://localhost:15007","times":{"events":{"compute::B1-generate-rs-issue-tag":{"type":"compute","start":5044.400200009346,"end":5044.465900063515},"compute::B2-generate-rs":{"type":"compute","start":5044.473100066185,"end":5061.752200007439},"broadcast/covert::B3-signed-input":{"type":"broadcast/covert","start":5061.76340007782,"end":5061.952499985695},"receive::B3-signed-input":{"type":"receive","start":5061.960000038147,"end":5145.389100074768},"broadcast/open::B4-received-messages":{"type":"broadcast/open","start":5145.942800045013,"end":5146.490599989891},"receive::B4-received-messages":{"type":"receive","start":5146.494400024414,"end":5186.597800016403}},"start":5044.374000072479,"end":5187.199400067329},"results":{"compute::messages":"n=8,hash=7eec2c5da2fdcabf7b752c09169eaee26ad43a19c8628a80333c196ce6a90103","compute::sets":"n=8,hash=26350ba12423e686f831dc0a497aa30907b4b9b685cd7bf6a00631ea28dcbc53"}},{"id":"ws://localhost:15003","times":{"events":{"compute::B1-generate-rs-issue-tag":{"type":"compute","start":4988.88420009613,"end":4988.952499985695},"compute::B2-generate-rs":{"type":"compute","start":4988.963000059128,"end":5006.269000053406},"broadcast/covert::B3-signed-input":{"type":"broadcast/covert","start":5006.2867000103,"end":5006.482100009918},"receive::B3-signed-input":{"type":"receive","start":5006.496600031853,"end":5137.655500054359},"broadcast/open::B4-received-messages":{"type":"broadcast/open","start":5138.263000011444,"end":5138.806900024414},"receive::B4-received-messages":{"type":"receive","start":5138.819000005722,"end":5187.971400022507}},"start":4988.847200036049,"end":5188.572400093079},"results":{"compute::messages":"n=8,hash=7eec2c5da2fdcabf7b752c09169eaee26ad43a19c8628a80333c196ce6a90103","compute::sets":"n=8,hash=26350ba12423e686f831dc0a497aa30907b4b9b685cd7bf6a00631ea28dcbc53"}},{"id":"ws://localhost:15004","times":{"events":{"compute::B1-generate-rs-issue-tag":{"type":"compute","start":4951.0891000032425,"end":4951.226999998093},"compute::B2-generate-rs":{"type":"compute","start":4951.240900039673,"end":4968.8878000974655},"broadcast/covert::B3-signed-input":{"type":"broadcast/covert","start":4968.962000012398,"end":4969.264299988747},"receive::B3-signed-input":{"type":"receive","start":4969.366800069809,"end":5139.2326999902725},"broadcast/open::B4-received-messages":{"type":"broadcast/open","start":5140.018400073051,"end":5140.603900074959},"receive::B4-received-messages":{"type":"receive","start":5140.609200000763,"end":5189.371200084686}},"start":4950.821900010109,"end":5190.015500068665},"results":{"compute::messages":"n=8,hash=7eec2c5da2fdcabf7b752c09169eaee26ad43a19c8628a80333c196ce6a90103","compute::sets":"n=8,hash=26350ba12423e686f831dc0a497aa30907b4b9b685cd7bf6a00631ea28dcbc53"}},{"id":"ws://localhost:15006","times":{"events":{"compute::B1-generate-rs-issue-tag":{"type":"compute","start":5062.431699991226,"end":5062.49849998951},"compute::B2-generate-rs":{"type":"compute","start":5062.507000088692,"end":5079.649200081825},"broadcast/covert::B3-signed-input":{"type":"broadcast/covert","start":5079.655600070953,"end":5079.826300024986},"receive::B3-signed-input":{"type":"receive","start":5079.833800077438,"end":5130.543300032616},"broadcast/open::B4-received-messages":{"type":"broadcast/open","start":5130.671100020409,"end":5134.32490003109},"receive::B4-received-messages":{"type":"receive","start":5134.337500095367,"end":5191.140300035477}},"start":5062.407200098038,"end":5191.7580000162125},"results":{"compute::messages":"n=8,hash=7eec2c5da2fdcabf7b752c09169eaee26ad43a19c8628a80333c196ce6a90103","compute::sets":"n=8,hash=26350ba12423e686f831dc0a497aa30907b4b9b685cd7bf6a00631ea28dcbc53"}},{"id":"ws://localhost:15001","times":{"events":{"compute::B1-generate-rs-issue-tag":{"type":"compute","start":5006.990599989891,"end":5007.053600072861},"compute::B2-generate-rs":{"type":"compute","start":5007.064700007439,"end":5024.433700084686},"broadcast/covert::B3-signed-input":{"type":"broadcast/covert","start":5024.46280002594,"end":5024.642800092697},"receive::B3-signed-input":{"type":"receive","start":5024.652500033379,"end":5141.004299998283},"broadcast/open::B4-received-messages":{"type":"broadcast/open","start":5141.554900050163,"end":5142.102100014687},"receive::B4-received-messages":{"type":"receive","start":5142.1060000658035,"end":5192.597300052643}},"start":5006.96280002594,"end":5193.179100036621},"results":{"compute::messages":"n=8,hash=7eec2c5da2fdcabf7b752c09169eaee26ad43a19c8628a80333c196ce6a90103","compute::sets":"n=8,hash=26350ba12423e686f831dc0a497aa30907b4b9b685cd7bf6a00631ea28dcbc53"}},{"id":"ws://localhost:15005",