{"aggregates":{"times":{"total":{"mean":1388.0710437521338,"std":187.32816962821005,"min":1042.5020999908447,"max":1660.0128999948502,"median":1413.1521999835968,"count":16},"events":{"compute::B1-generate-rs-issue-tag":{"mean":0.12888124585151672,"std":0.13464992604338666,"min":0.06749999523162842,"max":0.5786000490188599,"median":0.07099997997283936,"count":16},"compute::B2-generate-rs":{"mean":37.988487496972084,"std":3.393123250679762,"min":36.49809992313385,"max":49.63739991188049,"median":36.78215003013611,"count":16},"broadcast/covert::B3-signed-input":{"mean":0.1974562406539917,"std":0.027568348899296338,"min":0.16449999809265137,"max":0.26600003242492676,"median":0.19049996137619019,"count":16},"receive::B3-signed-input":{"mean":575.1100312694907,"std":175.97745305084075,"min":264.78540003299713,"max":840.235100030899,"median":581.4704500436783,"count":16},"broadcast/open::B4-received-messages":{"mean":2.527006261050701,"std":1.0562805610213715,"min":2.1451001167297363,"max":6.468999981880188,"median":2.2563499808311462,"count":16},"receive::B4-received-messages":{"mean":767.4734750017524,"std":32.55438613326472,"min":659.1907000541687,"max":809.6074000597,"median":773.3023000359535,"count":16}}},"results":{"compute::messages":{"n=16,hash=663f5d3c25741c8e9ca2e912e683406234871eb92076bc136eca6f0151a902cf":16},"compute::sets":{"n=16,hash=70b5f554c61446d9457cf6e968b45440996a80d613c5afa07c3ae0effab7a7c5":16}}},"reports":[{"id":"ws://localhost:15014","times":{"events":{"compute::B1-generate-rs-issue-tag":{"type":"compute","start":5461.85890007019,"end":5461.927500009537},"compute::B2-generate-rs":{"type":"compute","start":5461.934599995613,"end":5498.6582000255585},"broadcast/covert::B3-signed-input":{"type":"broadcast/covert","start":5498.66520011425,"end":5498.83930003643},"receive::B3-signed-input":{"type":"receive","start":5498.844300031662,"end":5862.255700111389},"broadcast/open::B4-received-messages":{"type":"broadcast/open","start":5864.559200048447,"end":5866.771700024605},"receive::B4-received-messages":{"type":"receive","start":5866.777500033379,"end":6525.968200087547}},"start":5461.8363000154495,"end":6528.592600107193},"results":{"compute::messages":"n=16,hash=663f5d3c25741c8e9ca2e912e683406234871eb92076bc136eca6f0151a902cf","compute::sets":"n=16,hash=70b5f554c61446d9457cf6e968b45440996a80d613c5afa07c3ae0effab7a7c5"}},{"id":"ws://localhost:15016","times":{"events":{"compute::B1-generate-rs-issue-tag":{"type":"compute","start":5499.704300045967,"end":5499.77530002594},"compute::B2-generate-rs":{"type":"compute","start":5499.782400012016,"end":5536.848600029945},"broadcast/covert::B3-signed-input":{"type":"broadcast/covert","start":5536.856200098991,"end":5537.052500009537},"receive::B3-signed-input":{"type":"receive","start":5537.057900071144,"end":5801.843300104141},"broadcast/open::B4-received-messages":{"type":"broadcast/open","start":5802.063300013542,"end":5808.532299995422},"receive::B4-received-messages":{"type":"receive","start":5808.542600035667,"end":6540.021600008011}},"start":5499.680400013924,"end":6542.182500004768},"results":{"compute::messages":"n=16,hash=663f5d3c25741c8e9ca2e912e683406234871eb92076bc136eca6f0151a902cf","compute::sets":"n=16,hash=70b5f554c61446d9457cf6e968b45440996a80d613c5afa07c3ae0effab7a7c5"}},{"id":"ws://localhost:15002","times":{"events":{"compute::B1-generate-rs-issue-tag":{"type":"compute","start":4990.784100055695,"end":4991.362700104713},"compute::B2-generate-rs":{"type":"compute","start":4991.377200007439,"end":5028.2179000377655},"broadcast/covert::B3-signed-input":{"type":"broadcast/covert","start":5028.23810005188,"end":5028.428000092506},"receive::B3-signed-input":{"type":"receive","start":5028.546000003815,"end":5824.170700073242},"broadcast/open::B4-received-messages":{"type":"broadcast/open","start":5826.567499995232,"end":5828.712600111961},"receive::B4-received-messages":{"type":"receive","start":5828.718000054359,"end":6598.352900028229}},"start":4990.7552000284195,"end":6600.516800045967},"results":{"compute::messages":"n=16,hash=663f5d3c25741c8e9ca2e912e683406234871eb92076bc136eca6f0151a902cf","compute::sets":"n=16,hash=70b5f554c61446d9457cf6e968b45440996a80d613c5afa07c3ae0effab7a7c5"}},{"id":"ws://localhost:15013","times":{"events":{"compute::B1-generate-rs-issue-tag":{"type":"compute","start":4947.011900067329,"end":4947.217200040817},"compute::B2-generate-rs":{"type":"compute","start":4947.2328000068665,"end":4989.362200021744},"broadcast/covert::B3-signed-input":{"type":"broadcast/covert","start":4989.440600037575,"end":4989.694500088692},"receive::B3-signed-input":{"type":"receive","start":4989.803600072861,"end":5830.03870010376},"broadcast/open::B4-received-messages":{"type":"broadcast/open","start":5832.304200053215,"end":5834.910800099373},"receive::B4-received-messages":{"type":"receive","start":5834.921600103378,"end":6604.535800099373}},"start":4946.64980006218,"end":6606.66270005703},"results":{"compute::messages":"n=16,hash=663f5d3c25741c8e9ca2e912e683406234871eb92076bc136eca6f0151a902cf","compute::sets":"n=16,hash=70b5f554c61446d9457cf6e968b45440996a80d613c5afa07c3ae0effab7a7c5"}},{"id":"ws://localhost:15008","times":{"events":{"compute::B1-generate-rs-issue-tag":{"type":"compute","start":5029.418099999428,"end":5029.492200016975},"compute::B2-generate-rs":{"type":"compute","start":5029.503300070763,"end":5066.1554000377655},"broadcast/covert::B3-signed-input":{"type":"broadcast/covert","start":5066.171600103378,"end":5066.361900091171},"receive::B3-signed-input":{"type":"receive","start":5066.373900055885,"end":5835.620100021362},"broadcast/open::B4-received-messages":{"type":"broadcast/open","start":5838.337700009346,"end":5840.536100029945},"receive::B4-received-messages":{"type":"receive","start":5840.541800022125,"end":6610.427500009537}},"start":5029.3813000917435,"end":6612.527200102806},"results":{"compute::messages":"n=16,hash=663f5d3c25741c8e9ca2e912e683406234871eb92076bc136eca6f0151a902cf","compute::sets":"n=16,hash=70b5f554c61446d9457cf6e968b45440996a80d613c5afa07c3ae0effab7a7c5"}},{"id":"ws://localhost:15003","times":{"events":{"compute::B1-generate-rs-issue-tag":{"type":"compute","start":5067.216300010681,"end":5067.299800038338},"compute::B2-generate-rs":{"type":"compute","start":5067.309700012207,"end":5103.866900086403},"broadcast/covert::B3-signed-input":{"type":"broadcast/covert","start":5103.888000011444,"end":5104.073400020599},"receive::B3-signed-input":{"type":"receive","start":5104.086500048637,"end":5841.167000055313},"broadcast/open::B4-received-messages":{"type":"broadcast/open","start":5843.5847001075745,"end":5845.743700027466},"receive::B4-received-messages":{"type":"receive","start":5845.748200058937,"end":6616.206800103188}},"start":5067.187800049782,"end":6618.349600076675},"results":{"compute::messages":"n=16,hash=663f5d3c25741c8e9ca2e912e683406234871eb92076bc136eca6f0151a902cf","compute::sets":"n=16,hash=70b5f554c61446d9457cf6e968b45440996a80d613c5afa07c3ae0effab7a7c5"}},{"id":"ws://localhost:15007","times":{"events":{"compute::B1-generate-rs-issue-tag":{"type":"compute","start":5104.922500014305,"end":5104.9904000759125},"compute::B2-generate-rs":{"type":"compute","start":5104.997400045395,"end":5141.622800111771},"broadcast/covert::B3-signed-input":{"type":"broadcast/covert","start":5141.636400103569,"end":5141.831800103188},"receive::B3-signed-input":{"type":"receive","start":5141.84030008316,"end":5846.318000078201},"broadcast/open::B4-received-messages":{"type":"broadcast/open","start":5848.581200003624,"end":5850.798000097275},"receive::B4-received-messages":{"type":"receive","start":5850.804500102997,"end":6622.76490008831}},"start":5104.89310002327,"end":6625.0703999996185},"results":{"compute::messages":"n=16,hash=663f5d3c25741c8e9ca2e912e683406234871eb92076bc136eca6f0151a902cf","compute::sets":"n=16,hash=70b5f554c61446d9457cf6e968b45440996a80d613c5afa07c3ae0effab7a7c5"}},{"id":"ws://localhost:15011",