{"aggregates":{"times":{"total":{"mean":37.799450010061264,"std":13.920575425604985,"min":22.736600041389465,"max":55.326499938964844,"median":36.56735002994537,"count":4},"events":{"compute::B1-generate-rs-issue-tag":{"mean":0.12537500262260437,"std":0.0946217020857193,"min":0.05070006847381592,"max":0.2490999698638916,"median":0.10084998607635498,"count":4},"compute::B2-generate-rs":{"mean":9.687675029039383,"std":0.2641748359386901,"min":9.469099998474121,"max":10.063699960708618,"median":9.608950078487396,"count":4},"broadcast/covert::B3-signed-input":{"mean":0.21495002508163452,"std":0.047397623428165635,"min":0.1632000207901001,"max":0.27789998054504395,"median":0.20935004949569702,"count":4},"receive::B3-signed-input":{"mean":23.413425028324127,"std":13.874747049273337,"min":7.9771000146865845,"max":39.48230004310608,"median":23.097150027751923,"count":4},"broadcast/open::B4-received-messages":{"mean":0.21380001306533813,"std":0.05819883180685617,"min":0.17699992656707764,"max":0.2999000549316406,"median":0.18915003538131714,"count":4},"receive::B4-received-messages":{"mean":3.459650009870529,"std":1.6904833998282538,"min":0.9835000038146973,"max":4.736700057983398,"median":4.0591999888420105,"count":4}}},"results":{"compute::messages":{"n=4,hash=f9cbd5b59bb346619582ebb1e99acc3b3a8c88ae3324ec81bb92a2f61624764c":4},"compute::sets":{"n=4,hash=0b89791f306a437dfceb1829912f85474260f4c3f50573cfb00a3650f5ea13a2":4}}},"reports":[{"id":"ws://localhost:15003","times":{"events":{"compute::B1-generate-rs-issue-tag":{"type":"compute","start":4954.305999994278,"end":4954.555099964142},"compute::B2-generate-rs":{"type":"compute","start":4954.566699981689,"end":4964.23810005188},"broadcast/covert::B3-signed-input":{"type":"broadcast/covert","start":4964.257799983025,"end":4964.462900042534},"receive::B3-signed-input":{"type":"receive","start":4964.472000002861,"end":4993.926699995995},"broadcast/open::B4-received-messages":{"type":"broadcast/open","start":4994.109400033951,"end":4994.289100050926},"receive::B4-received-messages":{"type":"receive","start":4994.29540002346,"end":4995.278900027275}},"start":4954.2766000032425,"end":4995.5463000535965},"results":{"compute::messages":"n=4,hash=f9cbd5b59bb346619582ebb1e99acc3b3a8c88ae3324ec81bb92a2f61624764c","compute::sets":"n=4,hash=0b89791f306a437dfceb1829912f85474260f4c3f50573cfb00a3650f5ea13a2"}},{"id":"ws://localhost:15002","times":{"events":{"compute::B1-generate-rs-issue-tag":{"type":"compute","start":4964.848099946976,"end":4964.900099992752},"compute::B2-generate-rs":{"type":"compute","start":4964.910300016403,"end":4974.379400014877},"broadcast/covert::B3-signed-input":{"type":"broadcast/covert","start":4974.390900015831,"end":4974.554100036621},"receive::B3-signed-input":{"type":"receive","start":4974.563199996948,"end":4991.3028000593185},"broadcast/open::B4-received-messages":{"type":"broadcast/open","start":4991.458199977875,"end":4991.758100032806},"receive::B4-received-messages":{"type":"receive","start":4991.767799973488,"end":4996.504500031471}},"start":4964.811200022697,"end":4996.676200032234},"results":{"compute::messages":"n=4,hash=f9cbd5b59bb346619582ebb1e99acc3b3a8c88ae3324ec81bb92a2f61624764c","compute::sets":"n=4,hash=0b89791f306a437dfceb1829912f85474260f4c3f50573cfb00a3650f5ea13a2"}},{"id":"ws://localhost:15001","times":{"events":{"compute::B1-generate-rs-issue-tag":{"type":"compute","start":4974.922299981117,"end":4974.973000049591},"compute::B2-generate-rs":{"type":"compute","start":4974.983999967575,"end":4984.530500054359},"broadcast/covert::B3-signed-input":{"type":"broadcast/covert","start":4984.553200006485,"end":4984.766800045967},"receive::B3-signed-input":{"type":"receive","start":4984.777500033379,"end":4992.754600048065},"broadcast/open::B4-received-messages":{"type":"broadcast/open","start":4992.950299978256,"end":4993.1489000320435},"receive::B4-received-messages":{"type":"receive","start":4993.155500054359,"end":4997.000100016594}},"start":4974.898000001907,"end":4997.634600043297},"results":{"compute::messages":"n=4,hash=f9cbd5b59bb346619582ebb1e99acc3b3a8c88ae3324ec81bb92a2f61624764c","compute::sets":"n=4,hash=0b89791f306a437dfceb1829912f85474260f4c3f50573cfb00a3650f5ea13a2"}},{"id":"ws://localhost:15000","times":{"events":{"compute::B1-generate-rs-issue-tag":{"type":"compute","start":4943.190700054169,"end":4943.340399980545},"compute::B2-generate-rs":{"type":"compute","start":4943.355100035667,"end":4953.418799996376},"broadcast/covert::B3-signed-input":{"type":"broadcast/covert","start":4953.497099995613,"end":4953.774999976158},"receive::B3-signed-input":{"type":"receive","start":4953.877200007439,"end":4993.359500050545},"broadcast/open::B4-received-messages":{"type":"broadcast/open","start":4993.543300032616,"end":4993.720299959183},"receive::B4-received-messages":{"type":"receive","start":4993.728600025177,"end":4998.0024000406265}},"start":4942.8840000629425,"end":4998.210500001907},"results":{"compute::messages":"n=4,hash=f9cbd5b59bb346619582ebb1e99acc3b3a8c88ae3324ec81bb92a2f61624764c","compute::sets":"n=4,hash=0b89791f306a437dfceb1829912f85474260f4c3f50573cfb00a3650f5ea13a2"}}]}