{"aggregates":{"times":{"total":{"mean":9.863899946212769,"std":3.430033600614208,"min":7.438499927520752,"max":12.289299964904785,"median":9.863899946212769,"count":2},"events":{"compute::B1-generate-rs-issue-tag":{"mean":0.1685999631881714,"std":0.05586143301633895,"min":0.12909996509552002,"max":0.20809996128082275,"median":0.1685999631881714,"count":2},"compute::B2-generate-rs":{"mean":4.491000056266785,"std":0.36203873131027503,"min":4.235000014305115,"max":4.747000098228455,"median":4.491000056266785,"count":2},"broadcast/covert::B3-signed-input":{"mean":0.16414999961853027,"std":0.05522501560382445,"min":0.1251000165939331,"max":0.20319998264312744,"median":0.16414999961853027,"count":2},"receive::B3-signed-input":{"mean":3.499750018119812,"std":3.8492772378839555,"min":0.777899980545044,"max":6.22160005569458,"median":3.499750018119812,"count":2},"broadcast/open::B4-received-messages":{"mean":0.18514996767044067,"std":0.07290266827474873,"min":0.13359999656677246,"max":0.2366999387741089,"median":0.18514996767044067,"count":2},"receive::B4-received-messages":{"mean":0.798050045967102,"std":1.1233805829228232,"min":0.0037000179290771484,"max":1.592400074005127,"median":0.798050045967102,"count":2}}},"results":{"compute::messages":{"n=2,hash=b682f69033a07f4c2016d6d92e35405bcd9e630d9bbbcf779e8107be3096a453":2},"compute::sets":{"n=2,hash=0f3db2d7f3424d423ee3515948d4f91bf7db5e450a76620a1acc1bc1c8bf5b1a":2}}},"reports":[{"id":"ws://localhost:15001","times":{"events":{"compute::B1-generate-rs-issue-tag":{"type":"compute","start":4834.662400007248,"end":4834.791499972343},"compute::B2-generate-rs":{"type":"compute","start":4834.807799935341,"end":4839.554800033569},"broadcast/covert::B3-signed-input":{"type":"broadcast/covert","start":4839.614799976349,"end":4839.817999958992},"receive::B3-signed-input":{"type":"receive","start":4839.913499951363,"end":4846.135100007057},"broadcast/open::B4-received-messages":{"type":"broadcast/open","start":4846.363800048828,"end":4846.497400045395},"receive::B4-received-messages":{"type":"receive","start":4846.5052000284195,"end":4846.508900046349}},"start":4834.382300019264,"end":4846.671599984169},"results":{"compute::messages":"n=2,hash=b682f69033a07f4c2016d6d92e35405bcd9e630d9bbbcf779e8107be3096a453","compute::sets":"n=2,hash=0f3db2d7f3424d423ee3515948d4f91bf7db5e450a76620a1acc1bc1c8bf5b1a"}},{"id":"ws://localhost:15000","times":{"events":{"compute::B1-generate-rs-issue-tag":{"type":"compute","start":4840.155300021172,"end":4840.363399982452},"compute::B2-generate-rs":{"type":"compute","start":4840.373399972916,"end":4844.608399987221},"broadcast/covert::B3-signed-input":{"type":"broadcast/covert","start":4844.621099948883,"end":4844.746199965477},"receive::B3-signed-input":{"type":"receive","start":4844.754299998283,"end":4845.532199978828},"broadcast/open::B4-received-messages":{"type":"broadcast/open","start":4845.64460003376,"end":4845.881299972534},"receive::B4-received-messages":{"type":"receive","start":4845.888299942017,"end":4847.480700016022}},"start":4840.130100011826,"end":4847.568599939346},"results":{"compute::messages":"n=2,hash=b682f69033a07f4c2016d6d92e35405bcd9e630d9bbbcf779e8107be3096a453","compute::sets":"n=2,hash=0f3db2d7f3424d423ee3515948d4f91bf7db5e450a76620a1acc1bc1c8bf5b1a"}}]}