{"aggregates":{"times":{"total":{"mean":81.37519825000345,"std":2.5054117065331774,"min":78.81814699999813,"max":83.69852400000673,"median":81.49206100000447,"count":4},"events":{"compute::B1-generate-rs-issue-tag":{"mean":0.23053949999666656,"std":0.007757997103639282,"min":0.21896299999207258,"max":0.23515800001041498,"median":0.23401849999208935,"count":4},"compute::B2-generate-rs":{"mean":10.222688999994716,"std":0.5370341865055241,"min":9.628831999987597,"max":10.76499799999874,"median":10.248462999996264,"count":4},"broadcast/covert::B3-signed-input":{"mean":0.30509149999852525,"std":0.01717511763812676,"min":0.2836049999896204,"max":0.3219400000089081,"median":0.30741049999778625,"count":4},"receive::B3-signed-input":{"mean":21.76027924999653,"std":1.9522708486990172,"min":19.314270999995642,"max":23.460550000003423,"median":22.133147999993525,"count":4},"broadcast/three-phase::B4-received-messages":{"mean":0.7078309999960766,"std":0.1837850402433163,"min":0.5854189999954542,"max":0.9807799999980489,"median":0.6325624999954016,"count":4},"receive::B4-received-messages":{"mean":6.018519749999541,"std":2.399634035746923,"min":4.043271999995341,"max":9.308237000004738,"median":5.361284999999043,"count":4},"compute::B5-compute-set-union":{"mean":0.1309739999996964,"std":0.022964933571214628,"min":0.10764400000334717,"max":0.1548449999972945,"median":0.13070349999907194,"count":4},"compute::B6-verify-all-signatures":{"mean":40.00337299999592,"std":2.311276591304147,"min":37.668063999997685,"max":42.247466999993776,"median":40.048980499996105,"count":4},"compute::B7-check-all-links":{"mean":0.16240725000170642,"std":0.017298554997642355,"min":0.14245800000207964,"max":0.18245600000955164,"median":0.1623574999975972,"count":4},"compute::B8-output-values":{"mean":0.27765749999525724,"std":0.02721331475456789,"min":0.25148399999307003,"max":0.303436000001966,"median":0.27785499999299645,"count":4}}},"results":{"assert::perfect":{"true":4},"assert::valid":{"true":4},"compute::values":{"n=4,hash=0404a51bb387811cb1a709d5800c9283d41b31667bc499e837b9d72435d7a990":4},"compute::messages":{"n=4,hash=c591fa06feb3fb92b0f168c66ef763b7369b639e732a6d9703ed3421591e0050":4},"compute::sets":{"n=1,hash=f21a05ee0e67578745523099c71d9e0bf23f9896dd2c8d06307f1f1993b8c5c7":4},"compute::union":{"n=4,hash=c591fa06feb3fb92b0f168c66ef763b7369b639e732a6d9703ed3421591e0050":4},"compute::verified":{"n=4,hash=c591fa06feb3fb92b0f168c66ef763b7369b639e732a6d9703ed3421591e0050":4},"compute::unlinked":{"n=0,hash=4f53cda18c2baa0c0354bb5f9a3ecbe5ed12ab4d8e11ba873c2f11161202b945":4}}},"reports":[{"id":"ws://172.31.19.8:3000","times":{"events":{"compute::B1-generate-rs-issue-tag":{"type":"compute","start":5131.467741,"end":5131.701049999989},"compute::B2-generate-rs":{"type":"compute","start":5131.724088999996,"end":5141.643064999997},"broadcast/covert::B3-signed-input":{"type":"broadcast/covert","start":5141.7272870000015,"end":5142.026677000002},"receive::B3-signed-input":{"type":"receive","start":5142.2107689999975,"end":5161.525039999993},"broadcast/three-phase::B4-received-messages":{"type":"broadcast/three-phase","start":5161.866586999997,"end":5162.847366999995},"receive::B4-received-messages":{"type":"receive","start":5162.858746999991,"end":5172.166983999996},"compute::B5-compute-set-union":{"type":"compute","start":5172.180024999994,"end":5172.3260239999945},"compute::B6-verify-all-signatures":{"type":"compute","start":5172.336887999991,"end":5210.004951999988},"compute::B7-check-all-links":{"type":"compute","start":5210.020332999993,"end":5210.175697999992},"compute::B8-output-values":{"type":"compute","start":5210.185845,"end":5210.442818999989}},"start":5130.956986999998,"end":5210.595996999997},"results":{"assert::perfect":"true","assert::valid":"true","compute::values":"n=4,hash=0404a51bb387811cb1a709d5800c9283d41b31667bc499e837b9d72435d7a990","compute::messages":"n=4,hash=c591fa06feb3fb92b0f168c66ef763b7369b639e732a6d9703ed3421591e0050","compute::sets":"n=1,hash=f21a05ee0e67578745523099c71d9e0bf23f9896dd2c8d06307f1f1993b8c5c7","compute::union":"n=4,hash=c591fa06feb3fb92b0f168c66ef763b7369b639e732a6d9703ed3421591e0050","compute::verified":"n=4,hash=c591fa06feb3fb92b0f168c66ef763b7369b639e732a6d9703ed3421591e0050","compute::unlinked":"n=0,hash=4f53cda18c2baa0c0354bb5f9a3ecbe5ed12ab4d8e11ba873c2f11161202b945"}},{"id":"ws://172.31.17.20:3000","times":{"events":{"compute::B1-generate-rs-issue-tag":{"type":"compute","start":5134.49921400001,"end":5134.7181770000025},"compute::B2-generate-rs":{"type":"compute","start":5134.73726200001,"end":5144.366093999997},"broadcast/covert::B3-signed-input":{"type":"broadcast/covert","start":5144.436557000008,"end":5144.720161999998},"receive::B3-signed-input":{"type":"receive","start":5144.8711639999965,"end":5168.331714},"broadcast/three-phase::B4-received-messages":{"type":"broadcast/three-phase","start":5169.144478000002,"end":5169.729896999997},"receive::B4-received-messages":{"type":"receive","start":5169.740591000009,"end":5173.783863000004},"compute::B5-compute-set-union":{"type":"compute","start":5173.796623000002,"end":5173.904267000005},"compute::B6-verify-all-signatures":{"type":"compute","start":5173.913572000005,"end":5212.299391000008},"compute::B7-check-all-links":{"type":"compute","start":5212.314802000008,"end":5212.45726000001},"compute::B8-output-values":{"type":"compute","start":5212.467415000006,"end":5212.7188989999995}},"start":5134.0513409999985,"end":5212.869487999997},"results":{"assert::perfect":"true","assert::valid":"true","compute::values":"n=4,hash=0404a51bb387811cb1a709d5800c9283d41b31667bc499e837b9d72435d7a990","compute::messages":"n=4,hash=c591fa06feb3fb92b0f168c66ef763b7369b639e732a6d9703ed3421591e0050","compute::sets":"n=1,hash=f21a05ee0e67578745523099c71d9e0bf23f9896dd2c8d06307f1f1993b8c5c7","compute::union":"n=4,hash=c591fa06feb3fb92b0f168c66ef763b7369b639e732a6d9703ed3421591e0050","compute::verified":"n=4,hash=c591fa06feb3fb92b0f168c66ef763b7369b639e732a6d9703ed3421591e0050","compute::unlinked":"n=0,hash=4f53cda18c2baa0c0354bb5f9a3ecbe5ed12ab4d8e11ba873c2f11161202b945"}},{"id":"ws://172.31.19.205:3000","times":{"events":{"compute::B1-generate-rs-issue-tag":{"type":"compute","start":6489.237715999989,"end":6489.472873999999},"compute::B2-generate-rs":{"type":"compute","start":6489.494651000001,"end":6500.072600999993},"broadcast/covert::B3-signed-input":{"type":"broadcast/covert","start":6500.152426999994,"end":6500.4743670000025},"receive::B3-signed-input":{"type":"receive","start":6500.610639999999,"end":6521.675577999995},"broadcast/three-phase::B4-received-messages":{"type":"broadcast/three-phase","start":6522.5565050000005,"end":6523.1730319999915},"receive::B4-received-messages":{"type":"receive","start":6523.184838999994,"end":6529.464538999993},"compute::B5-compute-set-union":{"type":"compute","start":6529.479638999997,"end":6529.634483999995},"compute::B6-verify-all-signatures":{"type":"compute","start":6529.645401000002,"end":6571.357542999991},"compute::B7-check-all-links":{"type":"compute","start":6571.373588000002,"end":6571.542937999999},"compute::B8-output-values":{"type":"compute","start":6571.554069999998,"end":6571.857506}},"start":6488.691217999993,"end":6572.036330000003},"results":{"assert::perfect":"true","assert::valid":"true","compute::values":"n=4,hash=0404a51bb387811cb1a709d5800c9283d41b31667bc499e837b9d72435d7a990","compute::messages":"n=4,hash=c591fa06feb3fb92b0f168c66ef763b7369b639e732a6d9703ed3421591e0050","compute::sets":"n=1,hash=f21a05ee0e67578745523099c71d9e0bf23f9896dd2c8d06307f1f1993b8c5c7","compute::union":"n=4,hash=c591fa06feb3fb92b0f168c66ef763b7369b639e732a6d9703ed3421591e0050","compute::verified":"n=4,hash=c591fa06feb3fb92b0f168c66ef763b7369b639e732a6d9703ed3421591e0050","compute::unlinked":"n=0,hash=4f53cda18c2baa0c0354bb5f9a3ecbe5ed12ab4d8e11ba873c2f11161202b945"}},{"id":"ws://172.31.26.106:3000",