{"aggregates":{"times":{"total":{"mean":211.21830662499997,"std":7.628743952527266,"min":199.95743499998935,"max":221.75944100000197,"median":209.6655735000022,"count":8},"events":{"compute::B1-generate-rs-issue-tag":{"mean":0.2661789999965549,"std":0.050544512042013705,"min":0.22502299999177922,"max":0.379650999995647,"median":0.24737950000417186,"count":8},"compute::B2-generate-rs":{"mean":19.791220875000363,"std":0.7672668171509931,"min":18.87969200000225,"max":20.964612999989185,"median":19.571830000000773,"count":8},"broadcast/covert::B3-signed-input":{"mean":0.3342502500017872,"std":0.031523926444923446,"min":0.28542700000980403,"max":0.37546099998871796,"median":0.3396610000054352,"count":8},"receive::B3-signed-input":{"mean":20.909019500002614,"std":0.9233537704226882,"min":19.715471000003163,"max":22.695074000002933,"median":20.889604500000132,"count":8},"broadcast/three-phase::B4-received-messages":{"mean":1.040482249998604,"std":0.138228523191231,"min":0.8726469999965047,"max":1.3259700000053272,"median":1.020151500000793,"count":8},"receive::B4-received-messages":{"mean":5.629142250003497,"std":0.354261355758967,"min":5.12853700001142,"max":6.234179000006407,"median":5.616931500000646,"count":8},"compute::B5-compute-set-union":{"mean":0.13409450000108336,"std":0.015072348893226608,"min":0.11304399999789894,"max":0.1558599999989383,"median":0.13087649999943096,"count":8},"compute::B6-verify-all-signatures":{"mean":161.19000212500214,"std":7.362990771667821,"min":150.85982800000056,"max":171.22398799999792,"median":159.00515850000374,"count":8},"compute::B7-check-all-links":{"mean":0.20653887500156998,"std":0.0334534317802193,"min":0.1564700000017183,"max":0.24733399999968242,"median":0.21073999999498483,"count":8},"compute::B8-output-values":{"mean":0.299526374998095,"std":0.03376116631490551,"min":0.24342699999397155,"max":0.34969899999850895,"median":0.3037174999990384,"count":8}}},"results":{"assert::perfect":{"true":8},"assert::valid":{"true":8},"compute::values":{"n=8,hash=09697dfe834ac298dab5169c8cc66a029d89d9db140fae8526d8e17d3d4f6366":8},"compute::messages":{"n=8,hash=88c71df0842e27580e297741c61986450cdc9a26f55334d90390c317afb55d4b":8},"compute::sets":{"n=1,hash=d12498a5a1e345ad8cf711ad11b4a4a20c8dacd63eceae288b490c6952f923e9":8},"compute::union":{"n=8,hash=88c71df0842e27580e297741c61986450cdc9a26f55334d90390c317afb55d4b":8},"compute::verified":{"n=8,hash=88c71df0842e27580e297741c61986450cdc9a26f55334d90390c317afb55d4b":8},"compute::unlinked":{"n=0,hash=4f53cda18c2baa0c0354bb5f9a3ecbe5ed12ab4d8e11ba873c2f11161202b945":8}}},"reports":[{"id":"ws://172.31.19.8:3000","times":{"events":{"compute::B1-generate-rs-issue-tag":{"type":"compute","start":5138.971305000014,"end":5139.232294000001},"compute::B2-generate-rs":{"type":"compute","start":5139.257073000001,"end":5158.136765000003},"broadcast/covert::B3-signed-input":{"type":"broadcast/covert","start":5158.248921000006,"end":5158.609969000012},"receive::B3-signed-input":{"type":"receive","start":5158.7776310000045,"end":5179.837061000013},"broadcast/three-phase::B4-received-messages":{"type":"broadcast/three-phase","start":5180.055811000013,"end":5181.055361000006},"receive::B4-received-messages":{"type":"receive","start":5181.066362000012,"end":5186.642829000004},"compute::B5-compute-set-union":{"type":"compute","start":5186.671893000006,"end":5186.784937000004},"compute::B6-verify-all-signatures":{"type":"compute","start":5186.795306,"end":5337.6551340000005},"compute::B7-check-all-links":{"type":"compute","start":5337.671856000001,"end":5337.85555800001},"compute::B8-output-values":{"type":"compute","start":5337.866720000005,"end":5338.141933000006}},"start":5138.482175000012,"end":5338.439610000001},"results":{"assert::perfect":"true","assert::valid":"true","compute::values":"n=8,hash=09697dfe834ac298dab5169c8cc66a029d89d9db140fae8526d8e17d3d4f6366","compute::messages":"n=8,hash=88c71df0842e27580e297741c61986450cdc9a26f55334d90390c317afb55d4b","compute::sets":"n=1,hash=d12498a5a1e345ad8cf711ad11b4a4a20c8dacd63eceae288b490c6952f923e9","compute::union":"n=8,hash=88c71df0842e27580e297741c61986450cdc9a26f55334d90390c317afb55d4b","compute::verified":"n=8,hash=88c71df0842e27580e297741c61986450cdc9a26f55334d90390c317afb55d4b","compute::unlinked":"n=0,hash=4f53cda18c2baa0c0354bb5f9a3ecbe5ed12ab4d8e11ba873c2f11161202b945"}},{"id":"ws://172.31.19.124:3000","times":{"events":{"compute::B1-generate-rs-issue-tag":{"type":"compute","start":5140.857608999999,"end":5141.082631999991},"compute::B2-generate-rs":{"type":"compute","start":5141.103922999988,"end":5160.143266999992},"broadcast/covert::B3-signed-input":{"type":"broadcast/covert","start":5160.2348559999955,"end":5160.529500999997},"receive::B3-signed-input":{"type":"receive","start":5160.686989999987,"end":5182.21171399999},"broadcast/three-phase::B4-received-messages":{"type":"broadcast/three-phase","start":5182.407571999996,"end":5183.450358999995},"receive::B4-received-messages":{"type":"receive","start":5183.460896999997,"end":5188.780522999994},"compute::B5-compute-set-union":{"type":"compute","start":5188.793437999993,"end":5188.922127999991},"compute::B6-verify-all-signatures":{"type":"compute","start":5188.932085999986,"end":5345.432315999991},"compute::B7-check-all-links":{"type":"compute","start":5345.459046999997,"end":5345.6779449999885},"compute::B8-output-values":{"type":"compute","start":5345.6916689999925,"end":5345.969378999987}},"start":5140.40127599999,"end":5346.341059999992},"results":{"assert::perfect":"true","assert::valid":"true","compute::values":"n=8,hash=09697dfe834ac298dab5169c8cc66a029d89d9db140fae8526d8e17d3d4f6366","compute::messages":"n=8,hash=88c71df0842e27580e297741c61986450cdc9a26f55334d90390c317afb55d4b","compute::sets":"n=1,hash=d12498a5a1e345ad8cf711ad11b4a4a20c8dacd63eceae288b490c6952f923e9","compute::union":"n=8,hash=88c71df0842e27580e297741c61986450cdc9a26f55334d90390c317afb55d4b","compute::verified":"n=8,hash=88c71df0842e27580e297741c61986450cdc9a26f55334d90390c317afb55d4b","compute::unlinked":"n=0,hash=4f53cda18c2baa0c0354bb5f9a3ecbe5ed12ab4d8e11ba873c2f11161202b945"}},{"id":"ws://172.31.31.233:3000","times":{"events":{"compute::B1-generate-rs-issue-tag":{"type":"compute","start":5141.480588999999,"end":5141.775011000005},"compute::B2-generate-rs":{"type":"compute","start":5141.805076000004,"end":5161.499532000002},"broadcast/covert::B3-signed-input":{"type":"broadcast/covert","start":5161.583859999999,"end":5161.910434000005},"receive::B3-signed-input":{"type":"receive","start":5162.097917000006,"end":5182.544536000001},"broadcast/three-phase::B4-received-messages":{"type":"broadcast/three-phase","start":5182.764362000002,"end":5183.887231000001},"receive::B4-received-messages":{"type":"receive","start":5183.901092,"end":5189.893127000003},"compute::B5-compute-set-union":{"type":"compute","start":5189.909807000004,"end":5190.036875000005},"compute::B6-verify-all-signatures":{"type":"compute","start":5190.0477390000015,"end":5346.128756999999},"compute::B7-check-all-links":{"type":"compute","start":5346.144887000002,"end":5346.301357000004},"compute::B8-output-values":{"type":"compute","start":5346.311814000001,"end":5346.555240999995}},"start":5140.947881,"end":5346.818069000001},"results":{"assert::perfect":"true","assert::valid":"true","compute::values":"n=8,hash=09697dfe834ac298dab5169c8cc66a029d89d9db140fae8526d8e17d3d4f6366","compute::messages":"n=8,hash=88c71df0842e27580e297741c61986450cdc9a26f55334d90390c317afb55d4b","compute::sets":"n=1,hash=d12498a5a1e345ad8cf711ad11b4a4a20c8dacd63eceae288b490c6952f923e9","compute::union":"n=8,hash=88c71df0842e27580e297741c61986450cdc9a26f55334d90390c317afb55d4b","compute::verified":"n=8,hash=88c71df0842e27580e297741c61986450cdc9a26f55334d90390c317afb55d4b","compute::unlinked":"n=0,hash=4f53cda18c2baa0c0354bb5f9a3ecbe5ed12ab4d8e11ba873c2f11161202b945"}},{"id":"ws://172.31.17.20:3000",