{"aggregates":{"times":{"total":{"mean":22.094061999996484,"std":1.1788021585761947,"min":21.260522999989917,"max":22.92760100000305,"median":22.094061999996484,"count":2},"events":{"compute::B1-generate-rs-issue-tag":{"mean":0.222803999989992,"std":0.028800459203312537,"min":0.2024389999860432,"max":0.24316899999394082,"median":0.222803999989992,"count":2},"compute::B2-generate-rs":{"mean":5.485970999994606,"std":0.023041781572575262,"min":5.469677999994019,"max":5.5022639999951934,"median":5.485970999994606,"count":2},"broadcast/covert::B3-signed-input":{"mean":0.34346600000571925,"std":0.006823580433280609,"min":0.3386410000093747,"max":0.3482910000020638,"median":0.34346600000571925,"count":2},"receive::B3-signed-input":{"mean":2.032767500000773,"std":0.8263186205294634,"min":1.448472000003676,"max":2.61706299999787,"median":2.032767500000773,"count":2},"broadcast/three-phase::B4-received-messages":{"mean":0.5237170000036713,"std":0.1038852998632987,"min":0.45025900000473484,"max":0.5971750000026077,"median":0.5237170000036713,"count":2},"receive::B4-received-messages":{"mean":0.9288274999998976,"std":0.07667088116690672,"min":0.8746130000072299,"max":0.9830419999925653,"median":0.9288274999998976,"count":2},"compute::B5-compute-set-union":{"mean":0.11085550000279909,"std":0.0049617682912363155,"min":0.1073469999973895,"max":0.11436400000820868,"median":0.11085550000279909,"count":2},"compute::B6-verify-all-signatures":{"mean":10.819913999999699,"std":0.016239414339621918,"min":10.808430999997654,"max":10.831397000001743,"median":10.819913999999699,"count":2},"compute::B7-check-all-links":{"mean":0.16281899999739835,"std":0.012153751363900364,"min":0.15422499999112915,"max":0.17141300000366755,"median":0.16281899999739835,"count":2},"compute::B8-output-values":{"mean":0.25408850000530947,"std":0.0006625590570419295,"min":0.25362000000313856,"max":0.2545570000074804,"median":0.25408850000530947,"count":2}}},"results":{"assert::perfect":{"true":2},"assert::valid":{"true":2},"compute::values":{"n=2,hash=2aa15dbdae91e742d65cf2e632a7e56443c4f2dbdaaabc82154fb2d1da5db7d7":2},"compute::messages":{"n=2,hash=30c3e2017c3dadb3882394fd6ea96e8df5065487f0202fcb6e6ede37e328306a":2},"compute::sets":{"n=1,hash=2d4172085896d522f55fc43f14b6b386f0edb96659b2a8cdf259b339388b1638":2},"compute::union":{"n=2,hash=30c3e2017c3dadb3882394fd6ea96e8df5065487f0202fcb6e6ede37e328306a":2},"compute::verified":{"n=2,hash=30c3e2017c3dadb3882394fd6ea96e8df5065487f0202fcb6e6ede37e328306a":2},"compute::unlinked":{"n=0,hash=4f53cda18c2baa0c0354bb5f9a3ecbe5ed12ab4d8e11ba873c2f11161202b945":2}}},"reports":[{"id":"ws://172.31.24.80:3000","times":{"events":{"compute::B1-generate-rs-issue-tag":{"type":"compute","start":6518.886252000004,"end":6519.08869099999},"compute::B2-generate-rs":{"type":"compute","start":6519.110093000003,"end":6524.612356999998},"broadcast/covert::B3-signed-input":{"type":"broadcast/covert","start":6524.689911999994,"end":6525.028553000004},"receive::B3-signed-input":{"type":"receive","start":6525.158888999991,"end":6526.607360999995},"broadcast/three-phase::B4-received-messages":{"type":"broadcast/three-phase","start":6526.812452999999,"end":6527.262712000003},"receive::B4-received-messages":{"type":"receive","start":6527.273108999994,"end":6528.1477220000015},"compute::B5-compute-set-union":{"type":"compute","start":6528.159842999994,"end":6528.267189999991},"compute::B6-verify-all-signatures":{"type":"compute","start":6528.277710999995,"end":6539.109107999997},"compute::B7-check-all-links":{"type":"compute","start":6539.124707000003,"end":6539.278931999994},"compute::B8-output-values":{"type":"compute","start":6539.289803999993,"end":6539.543423999996}},"start":6518.426912000003,"end":6539.687434999993},"results":{"assert::perfect":"true","assert::valid":"true","compute::values":"n=2,hash=2aa15dbdae91e742d65cf2e632a7e56443c4f2dbdaaabc82154fb2d1da5db7d7","compute::messages":"n=2,hash=30c3e2017c3dadb3882394fd6ea96e8df5065487f0202fcb6e6ede37e328306a","compute::sets":"n=1,hash=2d4172085896d522f55fc43f14b6b386f0edb96659b2a8cdf259b339388b1638","compute::union":"n=2,hash=30c3e2017c3dadb3882394fd6ea96e8df5065487f0202fcb6e6ede37e328306a","compute::verified":"n=2,hash=30c3e2017c3dadb3882394fd6ea96e8df5065487f0202fcb6e6ede37e328306a","compute::unlinked":"n=0,hash=4f53cda18c2baa0c0354bb5f9a3ecbe5ed12ab4d8e11ba873c2f11161202b945"}},{"id":"ws://172.31.23.129:3000","times":{"events":{"compute::B1-generate-rs-issue-tag":{"type":"compute","start":6822.215982000009,"end":6822.459151000003},"compute::B2-generate-rs":{"type":"compute","start":6822.483431000001,"end":6827.953108999995},"broadcast/covert::B3-signed-input":{"type":"broadcast/covert","start":6828.0433020000055,"end":6828.391593000008},"receive::B3-signed-input":{"type":"receive","start":6828.602505000003,"end":6831.219568},"broadcast/three-phase::B4-received-messages":{"type":"broadcast/three-phase","start":6831.418323000005,"end":6832.015498000008},"receive::B4-received-messages":{"type":"receive","start":6832.028992000007,"end":6833.012033999999},"compute::B5-compute-set-union":{"type":"compute","start":6833.038906999995,"end":6833.153271000003},"compute::B6-verify-all-signatures":{"type":"compute","start":6833.164516999997,"end":6843.972947999995},"compute::B7-check-all-links":{"type":"compute","start":6843.988907999999,"end":6844.160321000003},"compute::B8-output-values":{"type":"compute","start":6844.171466,"end":6844.426023000007}},"start":6821.670211999997,"end":6844.597813},"results":{"assert::perfect":"true","assert::valid":"true","compute::values":"n=2,hash=2aa15dbdae91e742d65cf2e632a7e56443c4f2dbdaaabc82154fb2d1da5db7d7","compute::messages":"n=2,hash=30c3e2017c3dadb3882394fd6ea96e8df5065487f0202fcb6e6ede37e328306a","compute::sets":"n=1,hash=2d4172085896d522f55fc43f14b6b386f0edb96659b2a8cdf259b339388b1638","compute::union":"n=2,hash=30c3e2017c3dadb3882394fd6ea96e8df5065487f0202fcb6e6ede37e328306a","compute::verified":"n=2,hash=30c3e2017c3dadb3882394fd6ea96e8df5065487f0202fcb6e6ede37e328306a","compute::unlinked":"n=0,hash=4f53cda18c2baa0c0354bb5f9a3ecbe5ed12ab4d8e11ba873c2f11161202b945"}}]}