{"aggregates":{"times":{"total":{"mean":353.5958843749904,"std":8.337680333808812,"min":340.61187099997187,"max":362.10415400000056,"median":356.90921049998724,"count":8},"events":{"compute::A1-output-key-pair":{"mean":1.530703500007803,"std":0.06481879216625377,"min":1.4436100000166334,"max":1.6337950000306591,"median":1.5231109999876935,"count":8},"compute::A2-public-key-signature":{"mean":44.864631750002445,"std":6.522783531853089,"min":34.64483400003519,"max":53.38520000001881,"median":45.957066500006476,"count":8},"broadcast/open::A3-signed-key":{"mean":1.6947738749950076,"std":0.10652645574271843,"min":1.5638850000104867,"max":1.8778300000121817,"median":1.7076304999936838,"count":8},"receive::A3-signed-key":{"mean":14.039102000009734,"std":4.131506892055506,"min":8.49963099998422,"max":21.00176500005182,"median":13.491242500022054,"count":8},"compute::A4-remove-invalid-inputs":{"mean":0.1388924999992014,"std":0.025995605742110715,"min":0.11040800000773743,"max":0.1803720000316389,"median":0.13565999999991618,"count":8},"compute::A5-verify-signatures":{"mean":286.74567324999225,"std":9.08890920890504,"min":272.85947600001236,"max":299.82932899997104,"median":289.0306929999788,"count":8},"compute::A6-remove-duplicates":{"mean":0.28161962499143556,"std":0.11792409090887253,"min":0.1626469999901019,"max":0.44918900000629947,"median":0.25445550002041273,"count":8},"compute::A7-calculate-output":{"mean":0.08660687500378117,"std":0.006218288442666593,"min":0.07975600002100691,"max":0.09928400005446747,"median":0.08580949998577125,"count":8},"compute::A8-output-final":{"mean":3.4549336250056513,"std":0.356414987325534,"min":3.0750470000202768,"max":4.220586000010371,"median":3.474087499984307,"count":8}}},"results":{"compute::PKIOut":{"n=8,hash=2dcea1dc67911b008ff5e2b6fd2117c2911392b11a8c7458bc1d2a585a09532a":8},"assert::perfect":{"true":8},"assert::PKICorrect":{"true":8}}},"reports":[{"id":"ws://172.31.31.136:3000","times":{"events":{"compute::A1-output-key-pair":{"type":"compute","start":5126.949385999993,"end":5128.456666000013},"compute::A2-public-key-signature":{"type":"compute","start":5128.4730890000355,"end":5173.22658800002},"broadcast/open::A3-signed-key":{"type":"broadcast/open","start":5173.292046000017,"end":5174.875816999993},"receive::A3-signed-key":{"type":"receive","start":5175.032310999988,"end":5190.691611999995},"compute::A4-remove-invalid-inputs":{"type":"compute","start":5190.781742000021,"end":5190.945207000012},"compute::A5-verify-signatures":{"type":"compute","start":5190.956779,"end":5463.8162550000125},"compute::A6-remove-duplicates":{"type":"compute","start":5463.831888000015,"end":5463.994535000005},"compute::A7-calculate-output":{"type":"compute","start":5464.007599000004,"end":5464.088759000006},"compute::A8-output-final":{"type":"compute","start":5464.097152000002,"end":5467.218072000018}},"start":5126.612098000012,"end":5467.223968999984},"results":{"compute::PKIOut":"n=8,hash=2dcea1dc67911b008ff5e2b6fd2117c2911392b11a8c7458bc1d2a585a09532a","assert::perfect":"true","assert::PKICorrect":"true"}},{"id":"ws://172.31.30.89:3000","times":{"events":{"compute::A1-output-key-pair":{"type":"compute","start":5130.945716999995,"end":5132.516904000018},"compute::A2-public-key-signature":{"type":"compute","start":5132.53386200004,"end":5177.482742000022},"broadcast/open::A3-signed-key":{"type":"broadcast/open","start":5177.5473559999955,"end":5179.111241000006},"receive::A3-signed-key":{"type":"receive","start":5179.286008000025,"end":5193.223098000046},"compute::A4-remove-invalid-inputs":{"type":"compute","start":5193.333589999995,"end":5193.513962000026},"compute::A5-verify-signatures":{"type":"compute","start":5193.525794000016,"end":5467.806983000017},"compute::A6-remove-duplicates":{"type":"compute","start":5467.822006000031,"end":5468.077006000036},"compute::A7-calculate-output":{"type":"compute","start":5468.091834000021,"end":5468.1768220000085},"compute::A8-output-final":{"type":"compute","start":5468.185843000014,"end":5471.260890000034}},"start":5130.6288350000395,"end":5471.266499000019},"results":{"compute::PKIOut":"n=8,hash=2dcea1dc67911b008ff5e2b6fd2117c2911392b11a8c7458bc1d2a585a09532a","assert::perfect":"true","assert::PKICorrect":"true"}},{"id":"ws://172.31.31.104:3000","times":{"events":{"compute::A1-output-key-pair":{"type":"compute","start":5131.882413000043,"end":5133.417749000015},"compute::A2-public-key-signature":{"type":"compute","start":5133.472229000006,"end":5180.437482000038},"broadcast/open::A3-signed-key":{"type":"broadcast/open","start":5180.508949000039,"end":5182.230057000008},"receive::A3-signed-key":{"type":"receive","start":5182.431647000019,"end":5195.477042000042},"compute::A4-remove-invalid-inputs":{"type":"compute","start":5195.595751000044,"end":5195.714100000041},"compute::A5-verify-signatures":{"type":"compute","start":5195.724619000044,"end":5481.841531000042},"compute::A6-remove-duplicates":{"type":"compute","start":5481.8569970000535,"end":5482.021041000029},"compute::A7-calculate-output":{"type":"compute","start":5482.035204000014,"end":5482.1251880000345},"compute::A8-output-final":{"type":"compute","start":5482.134208000032,"end":5485.6058990000165}},"start":5131.602454000036,"end":5485.612748000014},"results":{"compute::PKIOut":"n=8,hash=2dcea1dc67911b008ff5e2b6fd2117c2911392b11a8c7458bc1d2a585a09532a","assert::perfect":"true","assert::PKICorrect":"true"}},{"id":"ws://172.31.22.206:3000","times":{"events":{"compute::A1-output-key-pair":{"type":"compute","start":5133.439717000001,"end":5135.02642900002},"compute::A2-public-key-signature":{"type":"compute","start":5135.042858999979,"end":5169.687693000014},"broadcast/open::A3-signed-key":{"type":"broadcast/open","start":5169.7616450000205,"end":5171.368834999972},"receive::A3-signed-key":{"type":"receive","start":5171.528959999967,"end":5192.530725000019},"compute::A4-remove-invalid-inputs":{"type":"compute","start":5192.69488700002,"end":5192.807858999993},"compute::A5-verify-signatures":{"type":"compute","start":5192.819086999982,"end":5485.735543999996},"compute::A6-remove-duplicates":{"type":"compute","start":5485.749229000008,"end":5486.172843999986},"compute::A7-calculate-output":{"type":"compute","start":5486.200165999995,"end":5486.279922000016},"compute::A8-output-final":{"type":"compute","start":5486.28811199998,"end":5489.542911999975}},"start":5133.136587999994,"end":5489.548750999966},"results":{"compute::PKIOut":"n=8,hash=2dcea1dc67911b008ff5e2b6fd2117c2911392b11a8c7458bc1d2a585a09532a","assert::perfect":"true","assert::PKICorrect":"true"}},{"id":"ws://172.31.24.153:3000","times":{"events":{"compute::A1-output-key-pair":{"type":"compute","start":5132.342818999954,"end":5133.976613999985},"compute::A2-public-key-signature":{"type":"compute","start":5133.993076999963,"end":5181.951857999957},"broadcast/open::A3-signed-key":{"type":"broadcast/open","start":5182.020282999962,"end":5183.795686999976},"receive::A3-signed-key":{"type":"receive","start":5183.944258000003,"end":5195.224175999989},"compute::A4-remove-invalid-inputs":{"type":"compute","start":5195.338740999985,"end":5195.463357999979},"compute::A5-verify-signatures":{"type":"compute","start":5195.474755999981,"end":5485.375392999966},"compute::A6-remove-duplicates":{"type":"compute","start":5485.390733999957,"end":5485.839922999963},"compute::A7-calculate-output":{"type":"compute","start":5485.855461999949,"end":5485.954746000003},"compute::A8-output-final":{"type":"compute","start":5485.969060999982,"end":5489.445544999966}},"start":5132.045228999981,"end":5489.451486999984},"results":{"compute::PKIOut":"n=8,hash=2dcea1dc67911b008ff5e2b6fd2117c2911392b11a8c7458bc1d2a585a09532a","assert::perfect":"true","assert::PKICorrect":"true"}},{"id":"ws://172.31.30.44:3000","times":{"events":{"compute::A1-output-key-pair":{"type":"compute","start":5133.270376999979,"end":5134.781262999983},"compute::A2-public-key-signature":{"type":"compute","start":5134.799396999995,