{"aggregates":{"times":{"total":{"mean":219.73248375000549,"std":8.626216620744405,"min":209.51391799998237,"max":227.38807600003202,"median":221.01397050000378,"count":4},"events":{"compute::A1-output-key-pair":{"mean":1.4893727500166278,"std":0.01788090919499497,"min":1.4718510000384413,"max":1.5098260000231676,"median":1.4879070000024512,"count":4},"compute::A2-public-key-signature":{"mean":41.016393249999965,"std":7.5444486431827675,"min":34.02161100000376,"max":48.93327400000999,"median":40.555343999993056,"count":4},"broadcast/open::A3-signed-key":{"mean":2.309371499984991,"std":0.03390881151350673,"min":2.2737820000038482,"max":2.346362999989651,"median":2.308670499973232,"count":4},"receive::A3-signed-key":{"mean":9.818768750017625,"std":7.538177145271369,"min":1.5597130000242032,"max":17.646842000016477,"median":10.03426000001491,"count":4},"compute::A4-remove-invalid-inputs":{"mean":0.1281720000115456,"std":0.018747520441374944,"min":0.11030100000789389,"max":0.14782100002048537,"median":0.12728300000890158,"count":4},"compute::A5-verify-signatures":{"mean":160.33271074999357,"std":8.804105429049175,"min":149.66101300000446,"max":168.00626799999736,"median":161.83178099998622,"count":4},"compute::A6-remove-duplicates":{"mean":0.4357392499950947,"std":0.07371464368776129,"min":0.3681780000333674,"max":0.5157509999698959,"median":0.42951399998855777,"count":4},"compute::A7-calculate-output":{"mean":0.08623674999398645,"std":0.010956377837797602,"min":0.07901899999706075,"max":0.10239100002218038,"median":0.08176849997835234,"count":4},"compute::A8-output-final":{"mean":3.430311250005616,"std":0.12799740845887184,"min":3.3194820000207983,"max":3.6087920000427403,"median":3.3964854999794625,"count":4}}},"results":{"compute::PKIOut":{"n=4,hash=5736cef646f5bbe3a088c9aa2649a51a3346ed04f7074dc1ee71386454fc2920":4},"assert::perfect":{"true":4},"assert::PKICorrect":{"true":4}}},"reports":[{"id":"ws://172.31.22.206:3000","times":{"events":{"compute::A1-output-key-pair":{"type":"compute","start":5133.175018000009,"end":5134.673637999978},"compute::A2-public-key-signature":{"type":"compute","start":5134.689205000002,"end":5180.663358999998},"broadcast/open::A3-signed-key":{"type":"broadcast/open","start":5180.744316999975,"end":5183.032819999964},"receive::A3-signed-key":{"type":"receive","start":5183.188606999989,"end":5188.701322000008},"compute::A4-remove-invalid-inputs":{"type":"compute","start":5188.789317000017,"end":5188.903420999995},"compute::A5-verify-signatures":{"type":"compute","start":5188.913615999976,"end":5338.574628999981},"compute::A6-remove-duplicates":{"type":"compute","start":5338.588714000012,"end":5338.96695599996},"compute::A7-calculate-output":{"type":"compute","start":5338.982317999995,"end":5339.084709000017},"compute::A8-output-final":{"type":"compute","start":5339.093694999989,"end":5342.4131770000095}},"start":5132.904603999981,"end":5342.418521999964},"results":{"compute::PKIOut":"n=4,hash=5736cef646f5bbe3a088c9aa2649a51a3346ed04f7074dc1ee71386454fc2920","assert::perfect":"true","assert::PKICorrect":"true"}},{"id":"ws://172.31.31.136:3000","times":{"events":{"compute::A1-output-key-pair":{"type":"compute","start":5135.175434999983,"end":5136.647286000021},"compute::A2-public-key-signature":{"type":"compute","start":5136.662239999976,"end":5185.595513999986},"broadcast/open::A3-signed-key":{"type":"broadcast/open","start":5185.667816000001,"end":5188.014178999991},"receive::A3-signed-key":{"type":"receive","start":5188.167409999995,"end":5189.727123000019},"compute::A4-remove-invalid-inputs":{"type":"compute","start":5189.8299409999745,"end":5189.940241999982},"compute::A5-verify-signatures":{"type":"compute","start":5189.950421000016,"end":5346.525122000021},"compute::A6-remove-duplicates":{"type":"compute","start":5346.5463309999905,"end":5347.02711700002},"compute::A7-calculate-output":{"type":"compute","start":5347.042954000004,"end":5347.121973000001},"compute::A8-output-final":{"type":"compute","start":5347.132028000022,"end":5350.565413000004}},"start":5134.892519999994,"end":5350.57154699997},"results":{"compute::PKIOut":"n=4,hash=5736cef646f5bbe3a088c9aa2649a51a3346ed04f7074dc1ee71386454fc2920","assert::perfect":"true","assert::PKICorrect":"true"}},{"id":"ws://172.31.28.137:3000","times":{"events":{"compute::A1-output-key-pair":{"type":"compute","start":5134.362642999971,"end":5135.839837000007},"compute::A2-public-key-signature":{"type":"compute","start":5135.855794999981,"end":5170.9923289999715},"broadcast/open::A3-signed-key":{"type":"broadcast/open","start":5171.065080999979,"end":5173.338862999983},"receive::A3-signed-key":{"type":"receive","start":5173.485428999993,"end":5188.041234000004},"compute::A4-remove-invalid-inputs":{"type":"compute","start":5188.130348999985,"end":5188.270811000024},"compute::A5-verify-signatures":{"type":"compute","start":5188.281367000018,"end":5356.287635000015},"compute::A6-remove-duplicates":{"type":"compute","start":5356.30830199999,"end":5356.676480000024},"compute::A7-calculate-output":{"type":"compute","start":5356.692531000008,"end":5356.7761889999965},"compute::A8-output-final":{"type":"compute","start":5356.786367999972,"end":5360.395160000015}},"start":5134.053065999993,"end":5360.401980000024},"results":{"compute::PKIOut":"n=4,hash=5736cef646f5bbe3a088c9aa2649a51a3346ed04f7074dc1ee71386454fc2920","assert::perfect":"true","assert::PKICorrect":"true"}},{"id":"ws://172.31.30.89:3000","times":{"events":{"compute::A1-output-key-pair":{"type":"compute","start":5130.815663999994,"end":5132.325490000017},"compute::A2-public-key-signature":{"type":"compute","start":5132.357607999991,"end":5166.379218999995},"broadcast/open::A3-signed-key":{"type":"broadcast/open","start":5166.443224000046,"end":5168.772062000004},"receive::A3-signed-key":{"type":"receive","start":5168.914645000012,"end":5186.561487000028},"compute::A4-remove-invalid-inputs":{"type":"compute","start":5186.650511000014,"end":5186.798332000035},"compute::A5-verify-signatures":{"type":"compute","start":5186.808980000031,"end":5353.897840999998},"compute::A6-remove-duplicates":{"type":"compute","start":5353.913125000021,"end":5354.428875999991},"compute::A7-calculate-output":{"type":"compute","start":5354.443145000027,"end":5354.523023999995},"compute::A8-output-final":{"type":"compute","start":5354.531912000035,"end":5357.891498000012}},"start":5130.509839000006,"end":5357.897915000038},"results":{"compute::PKIOut":"n=4,hash=5736cef646f5bbe3a088c9aa2649a51a3346ed04f7074dc1ee71386454fc2920","assert::perfect":"true","assert::PKICorrect":"true"}}]}