{"aggregates":{"times":{"total":{"mean":154.23323099999106,"std":1.1053026513006738,"min":153.4516639999929,"max":155.01479799998924,"median":154.23323099999106,"count":2},"events":{"compute::A1-output-key-pair":{"mean":1.4565885000047274,"std":0.044845419189451584,"min":1.4248779999907129,"max":1.488299000018742,"median":1.4565885000047274,"count":2},"compute::A2-public-key-signature":{"mean":38.09761550000985,"std":1.5078210651961081,"min":37.03142499999376,"max":39.16380600002594,"median":38.09761550000985,"count":2},"broadcast/open::A3-signed-key":{"mean":0.5732099999731872,"std":0.0521689241164924,"min":0.536320999963209,"max":0.6100989999831654,"median":0.5732099999731872,"count":2},"receive::A3-signed-key":{"mean":2.5291544999927282,"std":2.0005571119589587,"min":1.1145469999755733,"max":3.943762000009883,"median":2.5291544999927282,"count":2},"compute::A4-remove-invalid-inputs":{"mean":0.10612250000122003,"std":0.017321994802244802,"min":0.0938740000128746,"max":0.11837099998956546,"median":0.10612250000122003,"count":2},"compute::A5-verify-signatures":{"mean":106.95768950000638,"std":1.368381022173942,"min":105.99009799998021,"max":107.92528100003256,"median":106.95768950000638,"count":2},"compute::A6-remove-duplicates":{"mean":0.3500039999780711,"std":0.12129851143518255,"min":0.2642329999944195,"max":0.43577499996172264,"median":0.3500039999780711,"count":2},"compute::A7-calculate-output":{"mean":0.07911600000807084,"std":0.007800802016722365,"min":0.07360000000335276,"max":0.08463200001278892,"median":0.07911600000807084,"count":2},"compute::A8-output-final":{"mean":3.312987500015879,"std":0.04254025110500274,"min":3.282906999986153,"max":3.343068000045605,"median":3.312987500015879,"count":2}}},"results":{"compute::PKIOut":{"n=2,hash=e9169d7b52b89307446469cee69f152b56cf74dbf02505ad570a7ed41e643609":2},"assert::perfect":{"true":2},"assert::PKICorrect":{"true":2}}},"reports":[{"id":"ws://172.31.30.44:3000","times":{"events":{"compute::A1-output-key-pair":{"type":"compute","start":5126.6040909999865,"end":5128.092390000005},"compute::A2-public-key-signature":{"type":"compute","start":5128.108687,"end":5165.140111999994},"broadcast/open::A3-signed-key":{"type":"broadcast/open","start":5165.211630000034,"end":5165.747950999998},"receive::A3-signed-key":{"type":"receive","start":5165.913615000027,"end":5169.857377000037},"compute::A4-remove-invalid-inputs":{"type":"compute","start":5169.97000500001,"end":5170.088376},"compute::A5-verify-signatures":{"type":"compute","start":5170.114272000035,"end":5276.1043700000155},"compute::A6-remove-duplicates":{"type":"compute","start":5276.118131000025,"end":5276.382364000019},"compute::A7-calculate-output":{"type":"compute","start":5276.3968130000285,"end":5276.470413000032},"compute::A8-output-final":{"type":"compute","start":5276.4791640000185,"end":5279.762071000005}},"start":5126.316017000005,"end":5279.7676809999975},"results":{"compute::PKIOut":"n=2,hash=e9169d7b52b89307446469cee69f152b56cf74dbf02505ad570a7ed41e643609","assert::perfect":"true","assert::PKICorrect":"true"}},{"id":"ws://172.31.28.137:3000","times":{"events":{"compute::A1-output-key-pair":{"type":"compute","start":5129.202239000006,"end":5130.627116999996},"compute::A2-public-key-signature":{"type":"compute","start":5130.642763999989,"end":5169.806570000015},"broadcast/open::A3-signed-key":{"type":"broadcast/open","start":5169.87944400002,"end":5170.489543000003},"receive::A3-signed-key":{"type":"receive","start":5170.6169900000095,"end":5171.731536999985},"compute::A4-remove-invalid-inputs":{"type":"compute","start":5171.995785999985,"end":5172.089659999998},"compute::A5-verify-signatures":{"type":"compute","start":5172.09956599999,"end":5280.024847000022},"compute::A6-remove-duplicates":{"type":"compute","start":5280.039547000022,"end":5280.475321999984},"compute::A7-calculate-output":{"type":"compute","start":5280.48973099998,"end":5280.574362999992},"compute::A8-output-final":{"type":"compute","start":5280.583067999978,"end":5283.926136000024}},"start":5128.917611000012,"end":5283.932409000001},"results":{"compute::PKIOut":"n=2,hash=e9169d7b52b89307446469cee69f152b56cf74dbf02505ad570a7ed41e643609","assert::perfect":"true","assert::PKICorrect":"true"}}]}