{"aggregates":{"times":{"total":{"mean":96.78339993953705,"std":0.16023034833344202,"min":96.67009997367859,"max":96.89669990539551,"median":96.78339993953705,"count":2},"events":{"broadcast/open::open-small-identical":{"mean":0.3275499939918518,"std":0.19608071055789955,"min":0.18889999389648438,"max":0.46619999408721924,"median":0.3275499939918518,"count":2},"receive::open-small-identical":{"mean":0.6988500356674194,"std":0.9690897370689303,"min":0.01360011100769043,"max":1.3840999603271484,"median":0.6988500356674194,"count":2},"broadcast/covert::covert-small-identical":{"mean":0.11195003986358643,"std":0.05324512524817669,"min":0.07430005073547363,"max":0.14960002899169922,"median":0.11195003986358643,"count":2},"receive::covert-small-identical":{"mean":1.3299999833106995,"std":1.0665999271404616,"min":0.5757999420166016,"max":2.0842000246047974,"median":1.3299999833106995,"count":2},"broadcast/three-phase::threephase-small-identical":{"mean":0.20144999027252197,"std":0.12734990593615314,"min":0.11140000820159912,"max":0.2914999723434448,"median":0.20144999027252197,"count":2},"receive::threephase-small-identical":{"mean":1.1714499592781067,"std":0.2969141796345148,"min":0.9614999294281006,"max":1.3813999891281128,"median":1.1714499592781067,"count":2},"broadcast/open::open-medium-identical":{"mean":0.09780001640319824,"std":0.006222560714148395,"min":0.0934000015258789,"max":0.10220003128051758,"median":0.09780001640319824,"count":2},"receive::open-medium-identical":{"mean":0.7747999429702759,"std":1.0831461898099595,"min":0.008899927139282227,"max":1.5406999588012695,"median":0.7747999429702759,"count":2},"broadcast/covert::covert-medium-identical":{"mean":0.0842999815940857,"std":0.006363921244053933,"min":0.07980000972747803,"max":0.08879995346069336,"median":0.0842999815940857,"count":2},"receive::covert-medium-identical":{"mean":1.9968000054359436,"std":1.0658928716098428,"min":1.2430999279022217,"max":2.7505000829696655,"median":1.9968000054359436,"count":2},"broadcast/three-phase::threephase-medium-identical":{"mean":0.12325000762939453,"std":0.0024748629445596974,"min":0.12150001525878906,"max":0.125,"median":0.12325000762939453,"count":2},"receive::threephase-medium-identical":{"mean":3.9668999910354614,"std":3.808901399947489,"min":1.2735999822616577,"max":6.660199999809265,"median":3.9668999910354614,"count":2},"broadcast/open::open-large-identical":{"mean":1.889050006866455,"std":1.314440845179802,"min":0.9595999717712402,"max":2.81850004196167,"median":1.889050006866455,"count":2},"receive::open-large-identical":{"mean":4.584249973297119,"std":6.475895979653313,"min":0.0051000118255615234,"max":9.163399934768677,"median":4.584249973297119,"count":2},"broadcast/covert::covert-large-identical":{"mean":0.9130499958992004,"std":0.0006363331188174781,"min":0.912600040435791,"max":0.9134999513626099,"median":0.9130499958992004,"count":2},"receive::covert-large-identical":{"mean":13.47350001335144,"std":5.039125761131975,"min":9.910300016403198,"max":17.036700010299683,"median":13.47350001335144,"count":2},"broadcast/three-phase::threephase-large-identical":{"mean":0.6463000178337097,"std":0.062225354260392884,"min":0.6023000478744507,"max":0.6902999877929688,"median":0.6463000178337097,"count":2},"receive::threephase-large-identical":{"mean":2.6691499948501587,"std":2.617638597050838,"min":0.8181999921798706,"max":4.520099997520447,"median":2.6691499948501587,"count":2},"broadcast/open::open-small-random":{"mean":0.07934999465942383,"std":0.014637094725651367,"min":0.0690000057220459,"max":0.08969998359680176,"median":0.07934999465942383,"count":2},"receive::open-small-random":{"mean":1.8196499943733215,"std":2.5634742490366387,"min":0.006999969482421875,"max":3.632300019264221,"median":1.8196499943733215,"count":2},"broadcast/covert::covert-small-random":{"mean":0.06669992208480835,"std":0.0014141953549345384,"min":0.06569993495941162,"max":0.06769990921020508,"median":0.06669992208480835,"count":2},"receive::covert-small-random":{"mean":3.01419997215271,"std":1.877792818290604,"min":1.6863999366760254,"max":4.3420000076293945,"median":3.01419997215271,"count":2},"broadcast/three-phase::threephase-small-random":{"mean":0.08855003118515015,"std":0.01237439901649551,"min":0.07980000972747803,"max":0.09730005264282227,"median":0.08855003118515015,"count":2},"receive::threephase-small-random":{"mean":0.8170499801635742,"std":0.52912805777038,"min":0.4428999423980713,"max":1.1912000179290771,"median":0.8170499801635742,"count":2},"broadcast/open::open-medium-random":{"mean":0.09125000238418579,"std":0.00021216723540384055,"min":0.09109997749328613,"max":0.09140002727508545,"median":0.09125000238418579,"count":2},"receive::open-medium-random":{"mean":0.3389500379562378,"std":0.4751050702860862,"min":0.003000020980834961,"max":0.6749000549316406,"median":0.3389500379562378,"count":2},"broadcast/covert::covert-medium-random":{"mean":0.078249990940094,"std":0.0074246731273761146,"min":0.07299995422363281,"max":0.08350002765655518,"median":0.078249990940094,"count":2},"receive::covert-medium-random":{"mean":0.815750002861023,"std":0.5070662056236555,"min":0.4572000503540039,"max":1.174299955368042,"median":0.815750002861023,"count":2},"broadcast/three-phase::threephase-medium-random":{"mean":0.09539991617202759,"std":0.012586481958202328,"min":0.08649992942810059,"max":0.10429990291595459,"median":0.09539991617202759,"count":2},"receive::threephase-medium-random":{"mean":1.8956999778747559,"std":1.955574490042671,"min":0.5128999948501587,"max":3.278499960899353,"median":1.8956999778747559,"count":2},"broadcast/open::open-large-random":{"mean":2.0690500140190125,"std":0.049709594713991834,"min":2.033900022506714,"max":2.104200005531311,"median":2.0690500140190125,"count":2},"receive::open-large-random":{"mean":6.138199985027313,"std":5.0456311271996315,"min":2.5703999996185303,"max":9.705999970436096,"median":6.138199985027313,"count":2},"broadcast/covert::covert-large-random":{"mean":1.9088000059127808,"std":0.02220312838293302,"min":1.8931000232696533,"max":1.9244999885559082,"median":1.9088000059127808,"count":2},"receive::covert-large-random":{"mean":25.805000007152557,"std":6.338363816585413,"min":21.323099970817566,"max":30.28690004348755,"median":25.805000007152557,"count":2},"broadcast/three-phase::threephase-large-random":{"mean":1.1944499611854553,"std":0.09171179524079648,"min":1.129599928855896,"max":1.2592999935150146,"median":1.1944499611854553,"count":2},"receive::threephase-large-random":{"mean":11.740949988365173,"std":4.213578580609689,"min":8.761500000953674,"max":14.720399975776672,"median":11.740949988365173,"count":2}}},"results":{"assert::perfect":{"true":2},"assert::small-identical-open":{"true":2},"assert::small-identical-open-size":{"true":2},"assert::small-identical-covert":{"true":2},"assert::small-identical-covert-size":{"true":2},"assert::small-identical-threephase":{"true":2},"assert::small-identical-threephase-size":{"true":2},"assert::medium-identical-open":{"true":2},"assert::medium-identical-open-size":{"true":2},"assert::medium-identical-covert":{"true":2},"assert::medium-identical-covert-size":{"true":2},"assert::medium-identical-threephase":{"true":2},"assert::medium-identical-threephase-size":{"true":2},"assert::large-identical-open":{"true":2},"assert::large-identical-open-size":{"true":2},"assert::large-identical-covert":{"true":2},"assert::large-identical-covert-size":{"true":2},"assert::large-identical-threephase":{"true":2},"assert::large-identical-threephase-size":{"true":2},"assert::small-random-open":{"true":2},"assert::small-random-open-size":{"true":2},"assert::small-random-covert":{"true":2},"assert::small-random-covert-size":{"true":2},"assert::small-random-threephase":{"true":2},"assert::small-random-threephase-size":{"true":2},"assert::medium-random-open":{"true":2},"assert::medium-random-open-size":{"true":2},"assert::medium-random-covert":{"true":2},